customer_id,company,tenure_months,contract,monthly_charges,total_charges,mrr,payment_method,internet_service,tech_support,online_security,logins_last_30d,support_tickets_last_90d,features_used_pct,churned
CUST-0001,Pixel Labs,11,Two year,45.24,536.27,183,Bank transfer,Fiber optic,Yes,Yes,19,3,41.0,0
CUST-0002,NovaTech,72,One year,76.79,5499.62,332,Bank transfer,Fiber optic,No,No,20,1,30.0,0
CUST-0003,Pixel Labs,31,Month-to-month,112.05,3644.84,549,Credit card,DSL,Yes,No,16,1,56.0,0
CUST-0004,Skyward Tech,21,Month-to-month,98.64,2197.66,352,Bank transfer,Fiber optic,No,No internet,14,2,68.0,0
CUST-0005,Vortex Cloud,4,Two year,104.83,439.15,298,Credit card,No,No,No,9,3,52.0,0
CUST-0006,Apex Digital,4,Month-to-month,52.22,226.65,116,Bank transfer,No,No,No internet,20,3,60.0,1
CUST-0007,BrightPath,1,Month-to-month,40.26,39.83,76,Electronic check,DSL,No,No,11,4,85.0,1
CUST-0008,Quantum SaaS,48,Month-to-month,61.86,2775.16,115,Electronic check,Fiber optic,No,No,13,0,67.0,1
CUST-0009,BlueShift,22,Month-to-month,66.39,1328.49,175,Bank transfer,DSL,No,Yes,14,0,79.0,0
CUST-0010,TechVibe,29,One year,92.35,2542.35,459,Bank transfer,No,No,No,10,3,70.0,0
CUST-0011,DataFlow Inc,1,Two year,22.69,21.07,23,Electronic check,No,No,No,14,2,70.0,1
CUST-0012,FusionHub,72,Month-to-month,103.24,7519.43,185,Mailed check,Fiber optic,No internet,No,18,1,73.0,1
CUST-0013,BlueShift,42,Month-to-month,61.05,2402.53,107,Credit card,No,Yes,No,18,1,62.0,1
CUST-0014,Apex Digital,5,Month-to-month,54.33,246.6,210,Mailed check,Fiber optic,Yes,No,19,1,64.0,0
CUST-0015,Skyward Tech,4,Two year,39.7,144.06,96,Mailed check,Fiber optic,No,No,11,3,49.0,0
CUST-0016,Streamline Co,4,One year,23.63,100.79,67,Mailed check,DSL,No internet,No,16,1,59.0,0
CUST-0017,Acme Corp,8,Month-to-month,85.58,697.16,136,Electronic check,Fiber optic,No,Yes,14,0,24.0,1
CUST-0018,NetPulse,17,Two year,66.83,1103.86,175,Mailed check,Fiber optic,Yes,No internet,20,1,80.0,0
CUST-0019,Prism Analytics,13,Two year,32.75,459.32,46,Mailed check,Fiber optic,No,Yes,14,5,40.0,0
CUST-0020,BlueShift,8,Two year,32.62,238.53,102,Electronic check,Fiber optic,No,Yes,11,1,63.0,0
CUST-0021,BrightPath,22,Two year,56.61,1365.06,79,Bank transfer,No,Yes,No,15,0,70.0,0
CUST-0022,DataFlow Inc,3,Month-to-month,106.73,327.64,444,Mailed check,DSL,No,No,19,3,24.0,0
CUST-0023,NetPulse,8,One year,58.51,438.45,191,Credit card,Fiber optic,No internet,No,18,2,45.0,0
CUST-0024,TechVibe,10,Month-to-month,27.42,284.02,107,Credit card,Fiber optic,No,Yes,15,1,44.0,0
CUST-0025,ZenithOS,14,Two year,58.86,867.45,157,Electronic check,Fiber optic,No,No,15,1,53.0,0
CUST-0026,Streamline Co,36,One year,58.18,2064.88,147,Bank transfer,Fiber optic,No,No,21,4,55.0,1
CUST-0027,Acme Corp,5,One year,20.0,107.23,28,Mailed check,DSL,Yes,No internet,24,1,75.0,0
CUST-0028,NetPulse,17,One year,63.64,1006.31,197,Credit card,DSL,No internet,No internet,16,2,68.0,1
CUST-0029,Apex Digital,21,Month-to-month,59.23,1188.81,181,Electronic check,Fiber optic,No,No,10,2,46.0,0
CUST-0030,Streamline Co,1,One year,82.41,75.71,237,Bank transfer,Fiber optic,No,No,9,1,29.0,1
CUST-0031,Quantum SaaS,22,Two year,111.22,2305.35,441,Bank transfer,DSL,No,No,14,4,33.0,0
CUST-0032,NovaTech,4,Two year,93.16,353.17,403,Electronic check,Fiber optic,No,Yes,11,1,29.0,0
CUST-0033,TechVibe,1,Month-to-month,58.28,63.15,233,Electronic check,Fiber optic,No,No,14,0,90.0,0
CUST-0034,BlueShift,71,Month-to-month,37.34,2427.44,59,Bank transfer,Fiber optic,Yes,No,17,2,83.0,0
CUST-0035,NetPulse,72,Month-to-month,120.0,8514.57,419,Bank transfer,No,No internet,No internet,15,0,30.0,0
CUST-0036,Pixel Labs,39,One year,66.48,2609.52,88,Electronic check,DSL,No internet,Yes,12,3,41.0,0
CUST-0037,Quantum SaaS,8,Two year,65.35,564.49,247,Bank transfer,DSL,No,No,11,0,71.0,0
CUST-0038,NovaTech,2,Month-to-month,64.4,141.62,163,Mailed check,Fiber optic,No internet,No,12,5,13.0,0
CUST-0039,NetPulse,27,One year,69.95,1984.36,107,Bank transfer,Fiber optic,Yes,No,18,3,52.0,0
CUST-0040,ZenithOS,13,Two year,61.39,873.21,273,Electronic check,Fiber optic,No,Yes,16,1,67.0,0
CUST-0041,ZenithOS,3,One year,50.66,160.71,175,Credit card,No,No,No internet,8,2,24.0,0
CUST-0042,NovaTech,16,One year,51.33,897.36,124,Electronic check,No,No,No,14,2,49.0,1
CUST-0043,Apex Digital,1,One year,64.18,66.84,72,Mailed check,No,No,No,17,2,67.0,0
CUST-0044,Streamline Co,57,One year,51.41,2684.08,162,Electronic check,Fiber optic,No,Yes,12,1,30.0,0
CUST-0045,Catalyst AI,7,Month-to-month,47.18,323.78,221,Electronic check,Fiber optic,Yes,No,14,4,29.0,0
CUST-0046,Acme Corp,26,One year,67.66,1810.74,229,Mailed check,Fiber optic,No,No,26,1,54.0,0
CUST-0047,TechVibe,8,One year,58.63,455.04,287,Electronic check,DSL,Yes,Yes,13,4,63.0,1
CUST-0048,NetPulse,17,Two year,102.6,1665.15,159,Credit card,Fiber optic,No,Yes,17,0,57.0,0
CUST-0049,CloudNine,18,One year,20.0,365.57,65,Electronic check,DSL,Yes,No internet,10,2,61.0,0
CUST-0050,Quantum SaaS,4,One year,92.29,401.17,387,Mailed check,No,Yes,Yes,19,2,87.0,0
CUST-0051,Streamline Co,72,Month-to-month,96.15,6278.95,298,Electronic check,Fiber optic,No,Yes,13,1,31.0,0
CUST-0052,Catalyst AI,35,Month-to-month,20.0,737.69,27,Electronic check,Fiber optic,No,No,14,4,42.0,0
CUST-0053,BlueShift,67,Month-to-month,56.43,3949.23,188,Electronic check,Fiber optic,No internet,No,14,2,63.0,1
CUST-0054,CloudNine,54,Month-to-month,55.71,3287.49,192,Mailed check,DSL,No,Yes,15,4,4.0,1
CUST-0055,Quantum SaaS,21,One year,29.81,679.94,117,Mailed check,DSL,No,No,21,2,52.0,0
CUST-0056,ZenithOS,61,Two year,45.55,2924.28,184,Mailed check,Fiber optic,No internet,Yes,22,3,21.0,0
CUST-0057,DataFlow Inc,2,Month-to-month,37.24,74.78,152,Mailed check,DSL,No,Yes,19,3,26.0,1
CUST-0058,CloudNine,5,Month-to-month,108.81,511.87,398,Bank transfer,Fiber optic,Yes,Yes,6,1,76.0,1
CUST-0059,DataFlow Inc,1,Two year,88.39,89.19,165,Electronic check,No,No,No internet,15,0,6.0,1
CUST-0060,FusionHub,9,Month-to-month,96.79,917.34,253,Mailed check,No,No internet,Yes,17,1,56.0,0
CUST-0061,Vortex Cloud,11,One year,83.04,985.72,341,Credit card,Fiber optic,No,Yes,25,2,39.0,0
CUST-0062,Acme Corp,7,One year,36.77,272.3,177,Mailed check,DSL,Yes,No,10,2,27.0,0
CUST-0063,Streamline Co,42,One year,51.89,2046.55,68,Bank transfer,No,Yes,No internet,17,4,58.0,0
CUST-0064,DataFlow Inc,10,Month-to-month,77.23,787.7,243,Electronic check,No,Yes,Yes,14,1,54.0,0
CUST-0065,DataFlow Inc,7,Month-to-month,34.45,233.06,78,Bank transfer,DSL,No,No,8,3,63.0,0
CUST-0066,ZenithOS,18,One year,82.82,1344.43,157,Bank transfer,Fiber optic,No,Yes,15,4,46.0,1
CUST-0067,Apex Digital,3,One year,58.99,166.36,178,Mailed check,DSL,Yes,No,15,4,20.0,1
CUST-0068,Catalyst AI,38,Month-to-month,55.63,1950.41,190,Credit card,No,No internet,No,17,1,83.0,0
CUST-0069,NovaTech,1,One year,82.77,88.44,86,Electronic check,No,No,No,20,2,30.0,0
CUST-0070,FusionHub,72,Month-to-month,76.11,5215.25,314,Electronic check,DSL,No,No,15,3,44.0,0
CUST-0071,BlueShift,35,One year,55.98,1874.93,240,Bank transfer,No,No internet,No,16,0,92.0,0
CUST-0072,Apex Digital,5,Month-to-month,93.98,513.12,457,Credit card,Fiber optic,Yes,Yes,14,1,23.0,1
CUST-0073,NovaTech,1,Two year,37.97,37.05,65,Electronic check,No,No,No,10,2,39.0,0
CUST-0074,Streamline Co,40,Month-to-month,80.4,2900.57,272,Electronic check,Fiber optic,No,Yes,15,3,21.0,1
CUST-0075,Acme Corp,29,Month-to-month,79.83,2214.99,216,Electronic check,No,No internet,No,14,2,52.0,0
CUST-0076,Catalyst AI,31,Month-to-month,57.26,1639.91,134,Electronic check,DSL,No,No internet,20,1,52.0,1
CUST-0077,CoreStack,35,Month-to-month,73.15,2356.87,239,Bank transfer,DSL,Yes,No internet,9,1,16.0,1
CUST-0078,CloudNine,1,Two year,33.72,30.87,139,Mailed check,DSL,No internet,No internet,20,0,64.0,0
CUST-0079,DataFlow Inc,10,Two year,88.1,897.43,96,Electronic check,No,Yes,No,18,2,50.0,0
CUST-0080,Streamline Co,2,Month-to-month,60.38,113.26,295,Mailed check,No,No internet,No,16,2,34.0,1
CUST-0081,ZenithOS,47,Month-to-month,51.93,2372.98,220,Electronic check,No,No internet,Yes,19,1,56.0,1
CUST-0082,FusionHub,23,One year,91.23,2250.21,365,Electronic check,No,Yes,No,17,2,51.0,0
CUST-0083,Quantum SaaS,9,Two year,47.39,420.06,192,Bank transfer,DSL,No,No,10,3,48.0,0
CUST-0084,BlueShift,1,One year,29.79,32.27,76,Credit card,Fiber optic,Yes,No,16,2,77.0,0
CUST-0085,Helix Software,8,Month-to-month,26.08,208.55,104,Credit card,DSL,No,No,14,2,72.0,0
CUST-0086,FusionHub,9,Month-to-month,80.15,706.76,204,Electronic check,DSL,No,Yes,17,3,66.0,0
CUST-0087,Vortex Cloud,31,One year,32.99,1073.9,152,Credit card,DSL,No,No,9,2,88.0,0
CUST-0088,DataFlow Inc,24,Month-to-month,108.87,2389.83,186,Bank transfer,Fiber optic,No internet,No internet,15,2,51.0,0
CUST-0089,CoreStack,52,One year,20.0,954.61,43,Bank transfer,DSL,No,Yes,20,1,56.0,0
CUST-0090,Vortex Cloud,15,Month-to-month,107.41,1660.12,344,Mailed check,DSL,No,No,15,4,67.0,1
CUST-0091,BrightPath,3,One year,70.28,210.29,160,Mailed check,DSL,No internet,No internet,14,5,45.0,0
CUST-0092,NetPulse,29,Month-to-month,62.58,1920.23,169,Electronic check,DSL,No internet,No,15,1,58.0,1
CUST-0093,Quantum SaaS,34,One year,51.38,1892.36,153,Electronic check,No,Yes,No,12,1,22.0,0
CUST-0094,Catalyst AI,19,Month-to-month,74.98,1392.81,332,Electronic check,Fiber optic,No internet,Yes,15,4,26.0,0
CUST-0095,Streamline Co,35,One year,64.06,2285.33,198,Electronic check,No,Yes,No,9,2,84.0,0
CUST-0096,CloudNine,16,Month-to-month,92.58,1481.49,227,Mailed check,Fiber optic,No internet,No internet,23,4,19.0,1
CUST-0097,CloudNine,17,One year,67.86,1264.74,135,Bank transfer,DSL,Yes,No,11,3,62.0,0
CUST-0098,Vortex Cloud,13,One year,68.76,953.07,181,Mailed check,Fiber optic,Yes,No,13,2,57.0,1
CUST-0099,CoreStack,1,One year,55.91,60.51,171,Electronic check,DSL,No,Yes,13,2,37.0,0
CUST-0100,TechVibe,2,One year,63.58,120.91,253,Credit card,DSL,No,Yes,16,0,6.0,1
CUST-0101,Catalyst AI,1,One year,72.7,76.66,108,Credit card,DSL,No,No internet,13,2,88.0,0
CUST-0102,Skyward Tech,24,Two year,22.25,508.95,42,Bank transfer,DSL,Yes,No,12,0,76.0,0
CUST-0103,Apex Digital,9,Month-to-month,31.3,265.29,79,Credit card,DSL,No,No,18,4,50.0,1
CUST-0104,DataFlow Inc,17,Two year,83.58,1547.11,204,Mailed check,Fiber optic,No internet,Yes,17,3,52.0,0
CUST-0105,Helix Software,57,Month-to-month,69.27,3568.8,178,Credit card,Fiber optic,No,No,14,3,78.0,0
CUST-0106,CloudNine,6,Month-to-month,60.4,396.13,252,Electronic check,DSL,Yes,No internet,13,0,24.0,1
CUST-0107,Acme Corp,12,Month-to-month,65.46,730.42,150,Mailed check,DSL,No,No,11,4,75.0,0
CUST-0108,Acme Corp,33,Month-to-month,73.69,2587.13,222,Electronic check,No,Yes,Yes,13,2,56.0,1
CUST-0109,Prism Analytics,6,One year,51.51,295.21,180,Electronic check,DSL,No internet,No,13,1,74.0,0
CUST-0110,CloudNine,1,One year,45.54,44.18,88,Electronic check,DSL,No internet,No,10,1,32.0,0
CUST-0111,Skyward Tech,8,One year,69.9,527.52,271,Bank transfer,No,No,No,15,3,56.0,0
CUST-0112,Apex Digital,4,One year,40.54,164.93,129,Bank transfer,DSL,No,No internet,22,2,68.0,0
CUST-0113,Catalyst AI,63,Month-to-month,75.21,4594.28,210,Bank transfer,DSL,No,No,12,1,77.0,1
CUST-0114,CoreStack,39,Month-to-month,22.44,902.71,95,Electronic check,Fiber optic,No,No internet,12,2,45.0,0
CUST-0115,Helix Software,24,Month-to-month,90.73,1966.58,179,Credit card,DSL,No internet,No,7,1,31.0,0
CUST-0116,CoreStack,49,Month-to-month,76.81,3435.78,348,Bank transfer,Fiber optic,No,Yes,15,2,48.0,0
CUST-0117,ZenithOS,39,Month-to-month,71.4,2561.64,232,Mailed check,No,No,No,10,3,69.0,1
CUST-0118,Pixel Labs,4,Month-to-month,89.57,352.48,308,Bank transfer,DSL,No,Yes,13,2,49.0,1
CUST-0119,ZenithOS,53,One year,106.64,6007.76,480,Electronic check,Fiber optic,No,No internet,15,1,5.0,1
CUST-0120,Catalyst AI,18,One year,90.36,1752.75,386,Electronic check,Fiber optic,No internet,No,14,0,33.0,0
CUST-0121,Skyward Tech,39,Two year,20.0,740.19,68,Credit card,DSL,No,No,17,0,39.0,0
CUST-0122,FusionHub,54,Two year,33.01,1809.05,132,Electronic check,Fiber optic,No,No,15,1,26.0,0
CUST-0123,BrightPath,9,One year,49.38,468.27,135,Mailed check,DSL,Yes,Yes,19,2,48.0,0
CUST-0124,TechVibe,2,Month-to-month,65.65,125.75,209,Credit card,Fiber optic,No,No,15,2,69.0,1
CUST-0125,BrightPath,6,One year,77.94,459.13,97,Bank transfer,DSL,No,No,16,2,83.0,1
CUST-0126,Apex Digital,13,One year,46.86,612.1,64,Electronic check,Fiber optic,Yes,Yes,6,1,21.0,1
CUST-0127,NovaTech,40,Month-to-month,69.67,2583.29,301,Electronic check,DSL,Yes,No,11,1,52.0,1
CUST-0128,Apex Digital,47,Month-to-month,46.12,1962.14,57,Electronic check,No,No,Yes,18,2,62.0,1
CUST-0129,CloudNine,1,Two year,49.71,46.26,83,Bank transfer,DSL,No,No,10,0,74.0,0
CUST-0130,BlueShift,17,Month-to-month,29.83,519.98,125,Mailed check,Fiber optic,No,No,12,1,50.0,1
CUST-0131,Quantum SaaS,12,One year,41.92,460.14,42,Electronic check,Fiber optic,Yes,Yes,12,3,76.0,0
CUST-0132,CloudNine,6,One year,31.21,175.64,66,Credit card,Fiber optic,No,No internet,7,0,54.0,0
CUST-0133,DataFlow Inc,3,Month-to-month,40.6,117.85,135,Mailed check,Fiber optic,Yes,Yes,7,0,57.0,0
CUST-0134,BlueShift,9,Month-to-month,91.34,752.66,309,Electronic check,Fiber optic,No,Yes,15,1,46.0,0
CUST-0135,DataFlow Inc,68,Month-to-month,41.27,2633.32,170,Mailed check,Fiber optic,Yes,Yes,16,1,27.0,0
CUST-0136,Prism Analytics,9,Month-to-month,120.0,1168.83,363,Bank transfer,No,Yes,No,11,0,67.0,0
CUST-0137,Vortex Cloud,17,Month-to-month,77.33,1188.22,235,Electronic check,DSL,Yes,No,16,2,23.0,0
CUST-0138,NetPulse,29,Two year,69.62,2080.94,272,Electronic check,Fiber optic,No,No,19,2,79.0,1
CUST-0139,BlueShift,10,Month-to-month,43.54,425.33,130,Credit card,No,Yes,Yes,10,2,43.0,0
CUST-0140,TechVibe,72,One year,82.51,6145.85,283,Mailed check,No,No,Yes,17,0,66.0,0
CUST-0141,TechVibe,72,Month-to-month,50.61,3708.56,232,Mailed check,No,No,No,17,3,39.0,0
CUST-0142,TechVibe,6,Two year,68.05,385.72,177,Mailed check,Fiber optic,No,No internet,12,0,61.0,0
CUST-0143,Apex Digital,16,Month-to-month,120.0,2053.33,305,Electronic check,DSL,No,No internet,11,2,28.0,1
CUST-0144,Skyward Tech,8,Month-to-month,62.6,499.99,63,Electronic check,Fiber optic,No internet,Yes,17,3,58.0,0
CUST-0145,CoreStack,8,Two year,93.73,798.21,324,Mailed check,Fiber optic,Yes,No,22,4,42.0,0
CUST-0146,BlueShift,1,Two year,47.42,46.53,53,Electronic check,Fiber optic,No,No internet,12,2,32.0,1
CUST-0147,Catalyst AI,22,Month-to-month,64.13,1547.62,193,Electronic check,Fiber optic,Yes,No,14,2,44.0,1
CUST-0148,Prism Analytics,16,Two year,109.27,1842.9,461,Credit card,No,Yes,No internet,15,1,75.0,0
CUST-0149,NetPulse,1,Month-to-month,49.33,53.93,158,Credit card,Fiber optic,No,Yes,14,4,38.0,1
CUST-0150,Catalyst AI,7,Month-to-month,110.31,774.38,229,Bank transfer,No,No,No internet,18,3,26.0,1
CUST-0151,Skyward Tech,57,Month-to-month,82.69,4688.53,343,Credit card,Fiber optic,No internet,No,10,3,70.0,1
CUST-0152,CoreStack,6,Month-to-month,50.94,321.26,106,Electronic check,DSL,No,No internet,13,2,87.0,1
CUST-0153,ZenithOS,3,One year,80.81,260.87,318,Credit card,Fiber optic,No internet,No,11,1,48.0,1
CUST-0154,Streamline Co,16,Month-to-month,89.31,1561.61,307,Electronic check,Fiber optic,Yes,No,9,3,62.0,0
CUST-0155,TechVibe,72,Month-to-month,80.55,5596.09,135,Credit card,DSL,Yes,No internet,18,1,57.0,0
CUST-0156,TechVibe,6,One year,25.74,163.67,119,Credit card,DSL,Yes,Yes,16,0,29.0,0
CUST-0157,ZenithOS,26,One year,46.82,1146.87,84,Bank transfer,No,Yes,No,13,3,77.0,0
CUST-0158,TechVibe,34,Month-to-month,58.81,2017.77,292,Credit card,DSL,No,No,17,2,55.0,0
CUST-0159,BrightPath,6,One year,63.14,354.58,65,Bank transfer,Fiber optic,No,No,22,3,64.0,0
CUST-0160,NovaTech,31,Month-to-month,80.52,2419.94,165,Electronic check,Fiber optic,Yes,No internet,15,3,41.0,0
CUST-0161,Acme Corp,11,One year,69.44,829.74,125,Mailed check,Fiber optic,No internet,Yes,18,0,66.0,1
CUST-0162,CloudNine,24,One year,31.62,705.17,33,Bank transfer,Fiber optic,No internet,No,11,3,39.0,0
CUST-0163,BlueShift,24,Two year,74.5,1835.35,293,Electronic check,DSL,Yes,No,18,2,64.0,0
CUST-0164,Helix Software,18,Month-to-month,80.26,1471.54,303,Bank transfer,Fiber optic,Yes,Yes,15,2,70.0,1
CUST-0165,NovaTech,2,Month-to-month,78.99,146.0,329,Credit card,Fiber optic,Yes,No,13,3,51.0,0
CUST-0166,Prism Analytics,43,Month-to-month,92.02,3819.14,187,Electronic check,Fiber optic,Yes,Yes,14,1,24.0,0
CUST-0167,CloudNine,9,Month-to-month,85.85,782.38,238,Bank transfer,DSL,Yes,No,16,1,46.0,0
CUST-0168,Catalyst AI,4,Month-to-month,76.48,286.78,278,Credit card,Fiber optic,No,No internet,19,2,66.0,0
CUST-0169,BlueShift,1,Two year,63.25,67.05,175,Credit card,DSL,Yes,No,10,1,59.0,0
CUST-0170,BlueShift,21,Month-to-month,23.48,539.64,89,Credit card,DSL,No,No,20,0,38.0,1
CUST-0171,Helix Software,27,Month-to-month,75.74,1928.32,268,Mailed check,DSL,No internet,No internet,13,2,52.0,1
CUST-0172,BlueShift,1,One year,70.19,65.79,102,Credit card,DSL,No,No,13,4,67.0,1
CUST-0173,Skyward Tech,17,Month-to-month,71.79,1209.43,296,Bank transfer,No,No internet,No internet,8,2,58.0,0
CUST-0174,NetPulse,6,One year,33.08,208.32,128,Electronic check,DSL,Yes,No,16,0,31.0,1
CUST-0175,Catalyst AI,24,Month-to-month,37.97,871.48,138,Mailed check,No,No,No internet,12,1,54.0,0
CUST-0176,TechVibe,4,Month-to-month,91.33,330.24,148,Bank transfer,No,No,Yes,20,5,63.0,1
CUST-0177,Prism Analytics,28,Month-to-month,64.01,1807.06,133,Electronic check,Fiber optic,Yes,No internet,19,4,38.0,1
CUST-0178,ZenithOS,11,Month-to-month,82.04,984.85,211,Bank transfer,DSL,Yes,Yes,18,4,13.0,1
CUST-0179,CoreStack,66,Two year,65.71,4242.56,139,Bank transfer,Fiber optic,No,No,11,4,68.0,0
CUST-0180,Apex Digital,3,Month-to-month,65.74,194.07,126,Electronic check,Fiber optic,No,No,20,3,53.0,0
CUST-0181,ZenithOS,10,One year,88.46,967.56,373,Bank transfer,Fiber optic,No,No,10,2,56.0,1
CUST-0182,DataFlow Inc,2,Month-to-month,52.1,108.26,185,Bank transfer,DSL,No,No,24,1,54.0,0
CUST-0183,BrightPath,62,Month-to-month,67.4,4361.98,220,Mailed check,Fiber optic,No,No,13,1,57.0,1
CUST-0184,TechVibe,50,Two year,53.44,2705.51,102,Electronic check,No,Yes,No,18,1,69.0,0
CUST-0185,Acme Corp,7,Month-to-month,54.14,414.95,253,Electronic check,Fiber optic,No,Yes,19,0,87.0,1
CUST-0186,NetPulse,25,One year,57.27,1485.83,101,Mailed check,DSL,Yes,Yes,15,1,52.0,0
CUST-0187,CloudNine,40,Two year,70.55,3044.96,295,Credit card,Fiber optic,Yes,Yes,14,4,85.0,0
CUST-0188,CloudNine,19,One year,53.03,1047.75,258,Electronic check,DSL,No internet,No,13,0,36.0,0
CUST-0189,Quantum SaaS,18,Two year,96.39,1816.61,377,Bank transfer,DSL,No,Yes,15,1,7.0,0
CUST-0190,DataFlow Inc,6,Month-to-month,42.63,245.06,212,Electronic check,No,No,No,13,3,60.0,0
CUST-0191,Pixel Labs,2,Month-to-month,60.33,115.92,217,Electronic check,DSL,No,No,17,1,64.0,1
CUST-0192,Acme Corp,54,Month-to-month,54.01,3081.61,101,Credit card,DSL,No,Yes,18,2,54.0,0
CUST-0193,Vortex Cloud,55,One year,101.17,5338.11,184,Bank transfer,DSL,Yes,No,17,1,80.0,0
CUST-0194,Acme Corp,24,Two year,69.91,1698.9,161,Electronic check,No,Yes,No internet,16,2,47.0,0
CUST-0195,Apex Digital,9,Month-to-month,90.8,776.23,93,Mailed check,Fiber optic,Yes,Yes,15,3,48.0,0
CUST-0196,CoreStack,10,One year,27.86,296.26,104,Electronic check,Fiber optic,No,No,8,1,56.0,0
CUST-0197,Apex Digital,31,Month-to-month,71.68,2048.98,149,Mailed check,Fiber optic,No,No,24,5,48.0,0
CUST-0198,TechVibe,54,One year,87.24,5021.36,372,Bank transfer,DSL,No,No,15,5,91.0,0
CUST-0199,ZenithOS,52,Month-to-month,67.06,3558.77,163,Electronic check,Fiber optic,No,No,15,1,68.0,1
CUST-0200,BrightPath,36,Two year,91.64,3092.46,268,Electronic check,Fiber optic,No internet,No,12,0,63.0,0
CUST-0201,NetPulse,24,One year,52.07,1260.19,253,Mailed check,DSL,Yes,No,11,1,54.0,0
CUST-0202,Skyward Tech,2,Month-to-month,100.23,191.74,197,Credit card,Fiber optic,Yes,Yes,14,3,48.0,1
CUST-0203,ZenithOS,4,Month-to-month,120.0,463.05,466,Credit card,No,No,No,12,1,36.0,0
CUST-0204,BlueShift,54,Month-to-month,55.93,2930.54,225,Electronic check,DSL,No,No,14,0,45.0,0
CUST-0205,CoreStack,22,Month-to-month,53.86,1081.43,101,Bank transfer,DSL,No internet,Yes,16,3,22.0,0
CUST-0206,TechVibe,1,Month-to-month,101.33,111.18,304,Mailed check,DSL,Yes,No,15,2,13.0,1
CUST-0207,CloudNine,2,Two year,104.49,189.4,251,Mailed check,DSL,No internet,No internet,23,0,57.0,1
CUST-0208,DataFlow Inc,26,One year,51.93,1394.06,212,Bank transfer,No,No internet,No,7,0,22.0,0
CUST-0209,Quantum SaaS,1,One year,54.5,53.1,190,Credit card,Fiber optic,Yes,No,12,1,24.0,0
CUST-0210,Prism Analytics,4,Month-to-month,57.96,238.61,168,Credit card,Fiber optic,No,No internet,14,2,74.0,0
CUST-0211,Vortex Cloud,19,Two year,31.39,579.26,129,Bank transfer,Fiber optic,No,No,13,1,51.0,0
CUST-0212,NovaTech,28,One year,42.03,1217.74,82,Mailed check,DSL,No internet,No,15,0,54.0,0
CUST-0213,CloudNine,25,Month-to-month,39.9,1043.23,160,Bank transfer,Fiber optic,Yes,No,17,3,20.0,1
CUST-0214,Streamline Co,6,One year,45.81,285.34,204,Electronic check,Fiber optic,No,No internet,22,0,51.0,0
CUST-0215,Vortex Cloud,29,One year,64.13,1716.18,290,Bank transfer,Fiber optic,No,No,11,2,68.0,0
CUST-0216,Acme Corp,6,Month-to-month,70.86,438.5,293,Mailed check,No,No,No,16,1,88.0,0
CUST-0217,ZenithOS,9,Month-to-month,103.76,892.75,273,Bank transfer,Fiber optic,No,No,14,1,50.0,0
CUST-0218,BlueShift,32,Month-to-month,40.04,1160.53,197,Electronic check,Fiber optic,No,No internet,16,3,38.0,0
CUST-0219,CloudNine,25,Month-to-month,89.61,2202.09,226,Electronic check,No,No internet,No,12,2,71.0,1
CUST-0220,Prism Analytics,45,Two year,59.65,2648.57,212,Credit card,DSL,No internet,Yes,9,3,40.0,0
CUST-0221,Pixel Labs,25,Two year,63.76,1583.54,105,Electronic check,DSL,No internet,No internet,18,3,36.0,0
CUST-0222,Streamline Co,20,One year,81.87,1704.48,403,Mailed check,DSL,Yes,No,15,5,72.0,0
CUST-0223,TechVibe,2,Month-to-month,36.93,71.04,141,Electronic check,DSL,No,Yes,14,2,25.0,0
CUST-0224,CoreStack,11,Month-to-month,74.56,789.86,299,Electronic check,Fiber optic,Yes,No,13,0,34.0,1
CUST-0225,Quantum SaaS,7,One year,69.16,441.57,87,Electronic check,Fiber optic,No,No,6,1,47.0,0
CUST-0226,Helix Software,6,One year,77.31,481.19,313,Electronic check,No,No,No internet,20,1,29.0,1
CUST-0227,CoreStack,72,Month-to-month,72.23,5271.11,296,Credit card,Fiber optic,No,Yes,11,2,37.0,1
CUST-0228,FusionHub,11,One year,120.0,1280.25,442,Electronic check,Fiber optic,No,No internet,14,3,36.0,0
CUST-0229,Catalyst AI,53,Two year,49.06,2706.89,106,Credit card,DSL,No internet,No,18,4,65.0,0
CUST-0230,Pixel Labs,23,Month-to-month,51.73,1198.68,153,Bank transfer,DSL,Yes,Yes,7,0,84.0,0
CUST-0231,Helix Software,38,Month-to-month,49.42,1866.41,71,Mailed check,Fiber optic,No,No internet,14,1,45.0,0
CUST-0232,FusionHub,16,One year,51.11,819.61,148,Bank transfer,Fiber optic,No,No,23,2,46.0,0
CUST-0233,FusionHub,20,Month-to-month,49.07,1008.16,97,Mailed check,No,Yes,Yes,12,2,48.0,0
CUST-0234,Apex Digital,16,Month-to-month,94.73,1564.18,227,Bank transfer,DSL,Yes,No,20,3,26.0,0
CUST-0235,Skyward Tech,5,Month-to-month,100.51,481.34,166,Electronic check,DSL,No internet,No internet,18,1,74.0,1
CUST-0236,Skyward Tech,30,Month-to-month,50.73,1412.55,97,Mailed check,Fiber optic,No internet,No,16,1,86.0,0
CUST-0237,Prism Analytics,7,One year,44.19,288.09,58,Credit card,DSL,No internet,Yes,10,2,54.0,0
CUST-0238,Prism Analytics,1,One year,76.79,78.93,359,Credit card,DSL,No internet,Yes,12,0,69.0,0
CUST-0239,TechVibe,24,Month-to-month,51.19,1320.18,160,Credit card,Fiber optic,Yes,Yes,18,3,68.0,0
CUST-0240,BlueShift,4,Two year,80.82,317.43,209,Mailed check,DSL,No,No,16,3,54.0,0
CUST-0241,FusionHub,67,Two year,70.07,4384.39,220,Bank transfer,Fiber optic,No,No,26,3,66.0,0
CUST-0242,BlueShift,72,Two year,27.11,2052.09,95,Mailed check,DSL,No,Yes,14,3,67.0,0
CUST-0243,CloudNine,59,Month-to-month,103.69,6524.52,486,Mailed check,DSL,No,Yes,21,2,28.0,1
CUST-0244,Skyward Tech,11,Month-to-month,109.9,1300.92,188,Electronic check,Fiber optic,No,No,16,5,53.0,1
CUST-0245,BlueShift,1,Two year,49.68,50.74,108,Bank transfer,No,No,No internet,12,3,52.0,0
CUST-0246,Prism Analytics,63,One year,55.31,3735.92,271,Electronic check,Fiber optic,No,No,23,1,35.0,0
CUST-0247,ZenithOS,13,Month-to-month,72.15,847.05,179,Electronic check,Fiber optic,Yes,No internet,19,4,29.0,0
CUST-0248,Apex Digital,72,Month-to-month,73.36,4867.01,80,Credit card,DSL,No,No,15,2,54.0,1
CUST-0249,CoreStack,72,Month-to-month,81.46,5387.2,130,Electronic check,Fiber optic,No,Yes,22,2,34.0,1
CUST-0250,FusionHub,46,Two year,115.26,5527.4,127,Electronic check,DSL,No,No internet,17,0,52.0,0
CUST-0251,Quantum SaaS,8,One year,60.58,442.92,300,Electronic check,Fiber optic,Yes,No,15,1,61.0,1
CUST-0252,FusionHub,11,Month-to-month,45.04,495.08,95,Credit card,Fiber optic,No,No,15,2,22.0,0
CUST-0253,Streamline Co,45,Month-to-month,30.52,1365.9,143,Mailed check,No,Yes,No internet,16,1,50.0,0
CUST-0254,Streamline Co,9,One year,46.73,404.65,233,Mailed check,Fiber optic,No,Yes,16,3,45.0,0
CUST-0255,BlueShift,4,Two year,64.17,275.7,218,Credit card,DSL,No,Yes,11,5,65.0,1
CUST-0256,Vortex Cloud,19,Month-to-month,109.86,1949.76,124,Credit card,DSL,No,No,24,2,33.0,0
CUST-0257,BlueShift,66,One year,52.06,3334.57,69,Electronic check,No,Yes,Yes,14,2,74.0,0
CUST-0258,Apex Digital,28,Two year,70.59,2084.9,207,Bank transfer,Fiber optic,No,Yes,16,2,52.0,0
CUST-0259,Skyward Tech,20,Month-to-month,64.59,1170.48,170,Bank transfer,Fiber optic,No,Yes,14,1,70.0,1
CUST-0260,FusionHub,2,One year,94.71,195.97,324,Bank transfer,DSL,No,Yes,26,1,70.0,0
CUST-0261,BrightPath,22,Month-to-month,120.0,2807.06,331,Electronic check,DSL,No,No,13,3,49.0,0
CUST-0262,Pixel Labs,72,One year,51.73,4046.56,245,Credit card,DSL,No,Yes,11,4,21.0,0
CUST-0263,TechVibe,3,One year,52.76,170.19,166,Mailed check,No,No,No,15,2,25.0,0
CUST-0264,ZenithOS,17,One year,91.1,1492.76,344,Electronic check,Fiber optic,Yes,No,15,4,74.0,0
CUST-0265,FusionHub,50,One year,82.05,4173.36,376,Mailed check,No,Yes,No,11,2,31.0,0
CUST-0266,Vortex Cloud,32,Month-to-month,111.17,3256.69,176,Electronic check,DSL,No,Yes,19,3,59.0,0
CUST-0267,Quantum SaaS,28,Two year,79.6,2120.87,153,Electronic check,Fiber optic,No,No,13,2,75.0,0
CUST-0268,Skyward Tech,29,One year,56.02,1492.74,80,Bank transfer,Fiber optic,No,Yes,22,3,46.0,0
CUST-0269,Streamline Co,10,Month-to-month,79.77,768.21,124,Electronic check,DSL,Yes,No,8,2,45.0,0
CUST-0270,BrightPath,8,One year,92.72,797.42,283,Mailed check,No,Yes,No internet,14,3,62.0,1
CUST-0271,NetPulse,39,One year,85.51,3232.95,195,Mailed check,No,No,No,11,0,37.0,0
CUST-0272,Pixel Labs,39,Month-to-month,77.68,3067.02,209,Electronic check,No,Yes,No,26,2,82.0,0
CUST-0273,Catalyst AI,48,Two year,91.67,4341.53,452,Credit card,Fiber optic,No,No,15,2,25.0,0
CUST-0274,NovaTech,58,Two year,94.23,5420.43,153,Electronic check,DSL,Yes,No,16,3,78.0,0
CUST-0275,Quantum SaaS,17,Month-to-month,99.55,1851.29,315,Electronic check,DSL,No,No internet,10,2,22.0,0
CUST-0276,ZenithOS,16,Two year,81.22,1246.54,113,Electronic check,No,No internet,No internet,13,0,91.0,0
CUST-0277,Prism Analytics,38,Month-to-month,60.82,2370.01,138,Electronic check,DSL,Yes,No,16,1,37.0,0
CUST-0278,FusionHub,25,Month-to-month,68.67,1689.3,214,Electronic check,Fiber optic,No,No,18,4,60.0,1
CUST-0279,Prism Analytics,29,Month-to-month,95.16,2517.42,455,Bank transfer,Fiber optic,Yes,No internet,13,2,35.0,1
CUST-0280,Apex Digital,38,Two year,44.58,1690.43,114,Credit card,Fiber optic,No,No internet,12,2,34.0,0
CUST-0281,Acme Corp,52,One year,74.22,4101.31,93,Electronic check,No,No,No,11,1,67.0,0
CUST-0282,Prism Analytics,9,Month-to-month,55.17,456.68,141,Bank transfer,DSL,No,No,10,2,22.0,0
CUST-0283,Vortex Cloud,11,Month-to-month,65.72,660.69,104,Bank transfer,DSL,No,Yes,17,1,77.0,0
CUST-0284,TechVibe,2,One year,96.96,180.49,186,Credit card,DSL,No internet,No internet,14,2,63.0,0
CUST-0285,CloudNine,20,Month-to-month,69.78,1469.4,242,Mailed check,Fiber optic,Yes,Yes,16,1,60.0,0
CUST-0286,BlueShift,1,Two year,66.16,69.12,84,Electronic check,DSL,Yes,No,22,2,35.0,0
CUST-0287,DataFlow Inc,15,Two year,31.0,471.05,89,Electronic check,DSL,No internet,Yes,13,1,70.0,0
CUST-0288,Quantum SaaS,18,One year,83.66,1496.31,288,Bank transfer,No,No,Yes,18,3,13.0,1
CUST-0289,Apex Digital,8,Two year,81.14,699.53,218,Credit card,No,No internet,No,17,1,50.0,0
CUST-0290,TechVibe,21,Month-to-month,119.08,2634.07,128,Electronic check,DSL,No,No internet,15,2,42.0,1
CUST-0291,NovaTech,1,Two year,57.31,60.89,283,Mailed check,Fiber optic,No internet,Yes,11,1,5.0,0
CUST-0292,Skyward Tech,1,One year,70.48,74.9,174,Credit card,No,No,No,14,0,44.0,0
CUST-0293,Vortex Cloud,41,One year,71.23,3003.79,293,Credit card,DSL,No,Yes,14,1,57.0,0
CUST-0294,Apex Digital,10,Month-to-month,104.44,1035.63,240,Credit card,DSL,No internet,Yes,18,2,47.0,0
CUST-0295,Helix Software,3,Two year,62.62,201.56,182,Bank transfer,DSL,No,No,9,0,61.0,0
CUST-0296,NetPulse,17,Month-to-month,71.98,1327.92,184,Mailed check,Fiber optic,Yes,No,22,2,64.0,0
CUST-0297,CloudNine,35,Month-to-month,80.2,2539.66,190,Bank transfer,DSL,Yes,Yes,15,2,42.0,0
CUST-0298,BlueShift,5,Month-to-month,69.67,317.11,76,Bank transfer,No,Yes,No,13,0,35.0,0
CUST-0299,DataFlow Inc,23,One year,53.84,1351.93,131,Electronic check,Fiber optic,Yes,Yes,15,1,38.0,0
CUST-0300,Catalyst AI,2,One year,69.85,133.47,318,Mailed check,Fiber optic,No,No,10,2,72.0,0
CUST-0301,NovaTech,1,One year,91.84,98.7,345,Bank transfer,DSL,No,No internet,22,0,65.0,0
CUST-0302,BlueShift,18,Two year,39.34,692.37,62,Electronic check,Fiber optic,No,No internet,12,4,49.0,0
CUST-0303,Prism Analytics,18,Month-to-month,68.32,1136.08,230,Bank transfer,Fiber optic,No,No,9,4,51.0,0
CUST-0304,NetPulse,24,One year,47.5,1044.34,217,Bank transfer,Fiber optic,No,No,11,1,55.0,0
CUST-0305,NetPulse,31,Month-to-month,94.88,2739.22,361,Credit card,Fiber optic,Yes,No internet,15,2,57.0,0
CUST-0306,Streamline Co,72,Two year,26.92,1841.29,43,Electronic check,Fiber optic,Yes,Yes,9,3,62.0,0
CUST-0307,Quantum SaaS,17,Two year,51.03,865.52,228,Electronic check,No,Yes,No internet,15,4,72.0,1
CUST-0308,DataFlow Inc,9,One year,74.43,696.87,164,Bank transfer,No,No,No internet,19,3,43.0,0
CUST-0309,Catalyst AI,38,One year,104.14,4342.29,293,Electronic check,Fiber optic,Yes,Yes,19,1,38.0,1
CUST-0310,CoreStack,7,Month-to-month,63.36,438.33,197,Bank transfer,DSL,Yes,Yes,16,3,23.0,1
CUST-0311,CloudNine,13,Month-to-month,51.12,666.98,225,Bank transfer,DSL,No,No internet,14,1,65.0,1
CUST-0312,Helix Software,1,Two year,112.03,112.52,530,Electronic check,DSL,No internet,No,17,1,66.0,1
CUST-0313,ZenithOS,1,Month-to-month,28.8,29.03,136,Mailed check,Fiber optic,Yes,Yes,17,1,61.0,0
CUST-0314,Apex Digital,72,Month-to-month,20.0,1445.11,21,Mailed check,Fiber optic,No,Yes,21,3,44.0,1
CUST-0315,NovaTech,43,Month-to-month,76.0,2946.94,356,Mailed check,Fiber optic,No,No,8,0,41.0,1
CUST-0316,Apex Digital,28,Two year,52.45,1322.25,64,Credit card,No,No,No,15,3,35.0,1
CUST-0317,NovaTech,12,Month-to-month,39.47,435.53,81,Credit card,No,No internet,No,12,0,52.0,1
CUST-0318,Prism Analytics,4,Month-to-month,82.71,304.48,253,Bank transfer,No,Yes,No internet,9,2,68.0,1
CUST-0319,Quantum SaaS,4,One year,71.1,296.05,208,Bank transfer,DSL,Yes,Yes,13,0,53.0,0
CUST-0320,Prism Analytics,6,Two year,50.9,287.38,174,Mailed check,Fiber optic,No internet,No,12,0,41.0,0
CUST-0321,Catalyst AI,19,Month-to-month,32.99,676.29,96,Credit card,DSL,No,No,12,0,54.0,0
CUST-0322,BlueShift,30,Month-to-month,86.81,2827.54,411,Bank transfer,DSL,No,No,10,1,71.0,0
CUST-0323,Acme Corp,25,Month-to-month,81.26,2224.86,159,Bank transfer,DSL,No,Yes,16,1,64.0,1
CUST-0324,Catalyst AI,7,Month-to-month,62.52,476.07,131,Credit card,DSL,No,No internet,13,3,69.0,1
CUST-0325,CloudNine,72,Month-to-month,111.17,7639.07,521,Electronic check,Fiber optic,No internet,No internet,13,1,43.0,1
CUST-0326,CloudNine,32,One year,38.25,1226.39,50,Credit card,No,No internet,No,10,0,38.0,0
CUST-0327,NetPulse,19,One year,26.86,477.21,92,Electronic check,DSL,No,No,13,3,76.0,1
CUST-0328,Quantum SaaS,22,One year,47.7,1113.67,178,Electronic check,Fiber optic,Yes,Yes,12,2,62.0,0
CUST-0329,FusionHub,13,Month-to-month,63.86,894.67,193,Electronic check,Fiber optic,No internet,No,10,1,62.0,1
CUST-0330,ZenithOS,6,Two year,71.08,456.44,268,Credit card,DSL,Yes,No,17,1,82.0,0
CUST-0331,Acme Corp,10,Month-to-month,58.97,581.84,100,Credit card,Fiber optic,Yes,No,16,3,40.0,0
CUST-0332,DataFlow Inc,34,Two year,73.8,2639.01,325,Bank transfer,DSL,No internet,No internet,17,3,88.0,0
CUST-0333,Vortex Cloud,1,One year,33.71,31.0,53,Bank transfer,Fiber optic,Yes,No,20,1,16.0,0
CUST-0334,BrightPath,2,Month-to-month,101.09,183.59,263,Bank transfer,Fiber optic,Yes,No,17,2,71.0,0
CUST-0335,Prism Analytics,1,One year,62.95,66.14,82,Credit card,DSL,Yes,No,13,3,68.0,0
CUST-0336,Streamline Co,1,Month-to-month,92.93,91.54,296,Mailed check,DSL,No internet,Yes,15,2,66.0,0
CUST-0337,Helix Software,46,One year,73.57,3719.63,271,Mailed check,Fiber optic,No,No,19,1,72.0,0
CUST-0338,Streamline Co,29,Month-to-month,76.42,2037.67,364,Electronic check,No,No,No,17,2,71.0,1
CUST-0339,Pixel Labs,15,Month-to-month,79.24,1273.14,314,Bank transfer,DSL,Yes,No,16,1,52.0,0
CUST-0340,CoreStack,2,Two year,76.19,151.77,241,Bank transfer,Fiber optic,No,No,17,2,44.0,0
CUST-0341,Quantum SaaS,16,Month-to-month,81.07,1381.99,383,Mailed check,Fiber optic,No,No,19,4,20.0,1
CUST-0342,Quantum SaaS,15,Two year,98.23,1566.9,286,Electronic check,No,No,No,16,1,46.0,0
CUST-0343,Catalyst AI,4,Month-to-month,69.91,302.91,227,Credit card,No,No,No,13,0,10.0,0
CUST-0344,Vortex Cloud,13,One year,82.73,1032.01,280,Electronic check,Fiber optic,Yes,No,14,1,71.0,0
CUST-0345,Catalyst AI,12,One year,62.76,820.87,166,Bank transfer,Fiber optic,No internet,No internet,22,4,33.0,0
CUST-0346,ZenithOS,22,One year,101.0,2067.2,440,Credit card,No,No,Yes,9,2,64.0,0
CUST-0347,CoreStack,24,Month-to-month,48.09,1057.67,84,Mailed check,Fiber optic,No internet,Yes,17,0,53.0,0
CUST-0348,DataFlow Inc,1,Month-to-month,110.02,108.52,354,Electronic check,DSL,No,No,20,1,72.0,0
CUST-0349,NetPulse,11,Month-to-month,64.0,750.23,249,Bank transfer,DSL,No,Yes,9,0,18.0,1
CUST-0350,Catalyst AI,23,Month-to-month,29.23,668.72,135,Credit card,No,No,Yes,12,3,56.0,0
CUST-0351,ZenithOS,16,One year,68.2,1163.06,309,Mailed check,No,No,No,18,1,58.0,1
CUST-0352,CoreStack,46,Two year,47.97,2307.99,146,Credit card,DSL,No internet,No,19,2,39.0,0
CUST-0353,TechVibe,25,Two year,86.02,2025.53,307,Electronic check,Fiber optic,No,No,16,2,45.0,0
CUST-0354,BrightPath,4,One year,48.68,212.2,125,Mailed check,Fiber optic,Yes,No internet,13,3,60.0,0
CUST-0355,CoreStack,1,One year,53.85,49.12,155,Bank transfer,DSL,No,No,14,2,29.0,0
CUST-0356,ZenithOS,24,One year,20.0,518.23,93,Credit card,No,No,No internet,22,1,35.0,1
CUST-0357,BrightPath,1,Month-to-month,53.69,51.59,254,Electronic check,DSL,No,Yes,10,4,74.0,1
CUST-0358,ZenithOS,21,Two year,20.0,420.01,92,Credit card,DSL,Yes,No,23,2,53.0,0
CUST-0359,Apex Digital,67,One year,25.4,1675.37,39,Bank transfer,Fiber optic,No,No internet,11,2,37.0,0
CUST-0360,Helix Software,20,One year,84.01,1569.92,370,Mailed check,Fiber optic,No,No,16,1,85.0,0
CUST-0361,Skyward Tech,11,Month-to-month,84.65,904.73,406,Electronic check,DSL,No,No,17,4,49.0,0
CUST-0362,CloudNine,24,Month-to-month,75.64,1703.87,185,Credit card,Fiber optic,No,No,12,1,53.0,0
CUST-0363,Skyward Tech,14,Month-to-month,40.83,537.77,126,Electronic check,Fiber optic,No,Yes,13,3,82.0,0
CUST-0364,CloudNine,18,Two year,63.81,1076.69,263,Electronic check,DSL,Yes,No,19,2,16.0,0
CUST-0365,BlueShift,68,One year,64.91,4404.18,211,Electronic check,DSL,No,No,12,1,45.0,0
CUST-0366,Streamline Co,11,Month-to-month,36.04,420.06,179,Credit card,Fiber optic,Yes,No internet,10,1,79.0,1
CUST-0367,CloudNine,72,Two year,102.58,7487.64,290,Bank transfer,DSL,Yes,Yes,20,0,15.0,0
CUST-0368,Quantum SaaS,56,Month-to-month,86.93,5250.91,335,Bank transfer,No,No,No internet,17,1,24.0,0
CUST-0369,Quantum SaaS,5,Month-to-month,59.48,305.52,248,Electronic check,No,No internet,No internet,14,1,50.0,0
CUST-0370,DataFlow Inc,1,Month-to-month,65.67,68.16,195,Bank transfer,No,No,Yes,18,1,56.0,1
CUST-0371,Pixel Labs,2,One year,70.21,145.13,311,Bank transfer,DSL,No,No,13,3,36.0,0
CUST-0372,Skyward Tech,1,Two year,20.0,19.8,64,Credit card,No,No internet,No internet,15,2,66.0,0
CUST-0373,Quantum SaaS,2,Month-to-month,58.82,122.09,156,Credit card,Fiber optic,No internet,No internet,20,3,36.0,0
CUST-0374,TechVibe,27,Two year,47.95,1183.23,69,Electronic check,DSL,Yes,No,19,0,29.0,0
CUST-0375,DataFlow Inc,1,Month-to-month,39.96,42.84,103,Bank transfer,DSL,No internet,No,14,1,55.0,1
CUST-0376,CoreStack,9,Two year,57.97,550.72,228,Electronic check,DSL,No,No,15,1,41.0,0
CUST-0377,ZenithOS,44,One year,109.94,4590.88,515,Mailed check,Fiber optic,No,No,25,5,31.0,0
CUST-0378,Pixel Labs,1,Two year,81.02,85.36,163,Electronic check,Fiber optic,Yes,Yes,9,5,66.0,0
CUST-0379,Apex Digital,40,Month-to-month,50.72,1831.05,123,Electronic check,DSL,No,No,7,3,41.0,0
CUST-0380,Skyward Tech,7,Two year,79.31,523.77,128,Mailed check,Fiber optic,Yes,Yes,11,3,28.0,0
CUST-0381,NetPulse,3,One year,99.98,273.85,376,Bank transfer,DSL,Yes,Yes,14,2,37.0,1
CUST-0382,NetPulse,28,Month-to-month,88.12,2605.64,427,Electronic check,Fiber optic,No,No,18,2,52.0,1
CUST-0383,FusionHub,23,Two year,66.49,1607.53,237,Bank transfer,Fiber optic,No internet,No,13,2,18.0,0
CUST-0384,ZenithOS,50,Month-to-month,48.83,2594.65,169,Mailed check,No,No internet,No,18,0,58.0,0
CUST-0385,BrightPath,31,Two year,82.46,2302.93,265,Electronic check,No,No,No,15,2,51.0,0
CUST-0386,BrightPath,39,Month-to-month,74.84,2919.48,101,Bank transfer,Fiber optic,No internet,No,12,1,38.0,0
CUST-0387,Catalyst AI,7,One year,87.38,636.72,342,Electronic check,Fiber optic,No internet,Yes,15,2,65.0,1
CUST-0388,Catalyst AI,4,One year,80.88,301.22,276,Mailed check,Fiber optic,No,No,11,2,37.0,0
CUST-0389,DataFlow Inc,33,Month-to-month,91.24,3101.12,333,Bank transfer,No,Yes,No internet,17,4,59.0,1
CUST-0390,Acme Corp,39,Month-to-month,51.62,1845.73,237,Electronic check,DSL,No,No,22,4,43.0,0
CUST-0391,Catalyst AI,72,Month-to-month,97.93,6601.57,405,Electronic check,DSL,No internet,No,15,2,9.0,0
CUST-0392,ZenithOS,12,Month-to-month,69.94,835.22,288,Mailed check,DSL,No,No,21,2,76.0,0
CUST-0393,Catalyst AI,11,Month-to-month,116.88,1325.17,550,Credit card,Fiber optic,No,No internet,13,4,21.0,1
CUST-0394,TechVibe,35,One year,47.77,1553.53,237,Bank transfer,Fiber optic,No,Yes,21,2,76.0,0
CUST-0395,NetPulse,10,Month-to-month,108.4,1015.76,360,Bank transfer,No,No,No,10,4,76.0,0
CUST-0396,NovaTech,64,Month-to-month,69.95,4212.17,100,Bank transfer,DSL,No,No,21,0,55.0,0
CUST-0397,Vortex Cloud,46,One year,48.71,2123.56,138,Electronic check,Fiber optic,Yes,No,14,0,50.0,0
CUST-0398,Acme Corp,13,Month-to-month,52.9,650.09,220,Mailed check,No,No,Yes,16,2,35.0,0
CUST-0399,Catalyst AI,33,Two year,56.99,1841.23,63,Bank transfer,No,No internet,No,21,2,37.0,0
CUST-0400,Apex Digital,33,Two year,75.6,2571.53,93,Electronic check,Fiber optic,No internet,Yes,16,3,43.0,0
CUST-0401,Streamline Co,2,One year,78.07,154.2,99,Electronic check,Fiber optic,Yes,No,21,3,18.0,1
CUST-0402,NovaTech,55,One year,50.66,2940.09,199,Electronic check,DSL,No internet,No,24,4,64.0,0
CUST-0403,Streamline Co,16,Two year,64.39,1075.42,193,Mailed check,No,No,Yes,15,1,59.0,0
CUST-0404,Pixel Labs,42,Month-to-month,118.56,4607.58,294,Credit card,DSL,No,No internet,14,2,40.0,1
CUST-0405,TechVibe,9,Month-to-month,108.19,885.85,154,Electronic check,No,No,Yes,15,1,56.0,1
CUST-0406,Prism Analytics,54,Month-to-month,75.91,4408.99,298,Mailed check,Fiber optic,No internet,No internet,16,1,50.0,1
CUST-0407,Catalyst AI,11,One year,65.95,664.49,151,Electronic check,Fiber optic,No internet,No,20,5,59.0,1
CUST-0408,NovaTech,1,Month-to-month,68.0,63.22,140,Credit card,DSL,No,Yes,11,1,68.0,0
CUST-0409,Vortex Cloud,56,One year,80.34,4069.05,290,Electronic check,Fiber optic,No internet,Yes,18,3,72.0,0
CUST-0410,NovaTech,2,Two year,39.43,80.88,128,Mailed check,Fiber optic,Yes,No internet,18,1,34.0,0
CUST-0411,NovaTech,9,Two year,58.57,535.81,143,Bank transfer,DSL,No,Yes,13,0,63.0,0
CUST-0412,ZenithOS,71,One year,23.29,1814.62,83,Bank transfer,Fiber optic,No,Yes,11,1,48.0,0
CUST-0413,CoreStack,72,Month-to-month,74.98,5816.34,156,Mailed check,No,No,No,10,0,69.0,0
CUST-0414,Skyward Tech,20,Two year,81.18,1594.65,339,Electronic check,Fiber optic,Yes,No,14,1,28.0,0
CUST-0415,Skyward Tech,23,One year,52.92,1185.9,101,Mailed check,Fiber optic,No internet,No,22,3,24.0,0
CUST-0416,BlueShift,14,Month-to-month,104.35,1401.54,171,Electronic check,DSL,Yes,Yes,15,2,34.0,1
CUST-0417,TechVibe,8,Month-to-month,34.36,255.77,142,Electronic check,Fiber optic,Yes,Yes,19,1,66.0,0
CUST-0418,DataFlow Inc,9,Two year,28.39,237.02,109,Mailed check,DSL,No,Yes,13,3,34.0,1
CUST-0419,Vortex Cloud,26,One year,70.61,1700.84,122,Electronic check,Fiber optic,No,Yes,12,3,16.0,0
CUST-0420,Helix Software,33,Two year,91.18,2776.72,134,Electronic check,No,No internet,No,12,0,73.0,0
CUST-0421,Skyward Tech,37,Two year,107.1,3757.05,466,Bank transfer,Fiber optic,No,No,12,2,28.0,0
CUST-0422,ZenithOS,37,One year,53.53,1904.03,220,Credit card,DSL,Yes,Yes,20,1,63.0,0
CUST-0423,Acme Corp,2,One year,91.97,200.92,212,Bank transfer,Fiber optic,No internet,No,11,2,76.0,1
CUST-0424,Skyward Tech,16,Month-to-month,64.04,1040.72,233,Electronic check,Fiber optic,No,No,12,0,29.0,0
CUST-0425,CoreStack,1,Month-to-month,60.68,66.6,91,Electronic check,Fiber optic,Yes,No internet,14,3,56.0,0
CUST-0426,NovaTech,19,Month-to-month,87.09,1612.5,264,Credit card,No,No,No internet,16,2,53.0,0
CUST-0427,NovaTech,13,One year,81.31,1048.07,87,Electronic check,No,No,No internet,22,4,44.0,1
CUST-0428,BlueShift,52,One year,25.59,1283.99,66,Electronic check,Fiber optic,No,Yes,11,1,92.0,0
CUST-0429,Helix Software,10,Two year,101.91,954.47,132,Bank transfer,Fiber optic,No,Yes,16,4,68.0,0
CUST-0430,BlueShift,2,Month-to-month,99.5,184.8,289,Bank transfer,DSL,No internet,No,14,1,42.0,1
CUST-0431,Catalyst AI,3,One year,49.36,161.26,133,Bank transfer,DSL,No internet,Yes,17,1,83.0,0
CUST-0432,DataFlow Inc,34,One year,74.9,2794.54,208,Electronic check,Fiber optic,No,No,13,0,60.0,1
CUST-0433,ZenithOS,23,One year,77.35,1617.12,91,Electronic check,Fiber optic,Yes,No,14,4,57.0,0
CUST-0434,Pixel Labs,2,One year,71.52,133.04,175,Credit card,Fiber optic,No internet,No internet,23,4,9.0,0
CUST-0435,TechVibe,2,Month-to-month,51.24,100.91,206,Electronic check,Fiber optic,No,No internet,13,2,28.0,0
CUST-0436,NovaTech,28,One year,48.21,1265.2,119,Bank transfer,DSL,No,No,15,2,47.0,0
CUST-0437,Apex Digital,1,Month-to-month,64.36,62.61,248,Bank transfer,Fiber optic,No,No,17,2,39.0,0
CUST-0438,Pixel Labs,41,Month-to-month,94.32,3580.25,234,Bank transfer,DSL,No internet,No,16,2,29.0,0
CUST-0439,Skyward Tech,29,Month-to-month,78.59,2259.29,212,Electronic check,DSL,No,Yes,10,4,62.0,1
CUST-0440,CoreStack,2,One year,55.73,106.37,181,Electronic check,No,Yes,No,20,0,37.0,0
CUST-0441,Apex Digital,2,Two year,84.29,163.59,405,Bank transfer,DSL,No,Yes,18,4,84.0,0
CUST-0442,Catalyst AI,72,One year,20.0,1323.16,29,Credit card,Fiber optic,No internet,No,14,1,43.0,0
CUST-0443,Helix Software,11,One year,93.72,1016.1,106,Credit card,DSL,Yes,No,19,1,49.0,0
CUST-0444,Helix Software,11,One year,21.51,259.48,74,Electronic check,No,No internet,No,15,2,65.0,0
CUST-0445,BlueShift,40,One year,55.94,2161.0,268,Electronic check,Fiber optic,No,No,15,3,45.0,1
CUST-0446,BrightPath,70,Month-to-month,37.01,2785.74,184,Credit card,DSL,No,No,24,2,86.0,0
CUST-0447,Skyward Tech,72,Month-to-month,32.63,2510.62,96,Bank transfer,Fiber optic,Yes,No internet,12,7,47.0,0
CUST-0448,TechVibe,33,Month-to-month,94.02,3383.18,270,Credit card,Fiber optic,Yes,Yes,20,5,44.0,0
CUST-0449,Catalyst AI,11,Month-to-month,53.31,620.43,191,Electronic check,No,No internet,No,17,2,50.0,0
CUST-0450,Streamline Co,2,Month-to-month,73.66,152.02,237,Bank transfer,DSL,Yes,No,11,3,56.0,1
CUST-0451,FusionHub,36,Month-to-month,63.83,2461.76,226,Bank transfer,No,No,No,7,2,37.0,0
CUST-0452,BrightPath,19,Month-to-month,76.93,1337.62,346,Bank transfer,No,No,No internet,15,2,42.0,0
CUST-0453,BlueShift,13,Two year,66.92,863.49,267,Mailed check,No,Yes,Yes,18,2,54.0,1
CUST-0454,Skyward Tech,56,Month-to-month,32.93,2024.53,98,Electronic check,Fiber optic,Yes,No,11,2,32.0,0
CUST-0455,FusionHub,2,Month-to-month,89.91,189.52,256,Bank transfer,Fiber optic,No,No,22,2,77.0,1
CUST-0456,Prism Analytics,16,Month-to-month,52.66,920.43,187,Electronic check,Fiber optic,No internet,No internet,20,1,49.0,0
CUST-0457,Prism Analytics,1,One year,26.09,27.55,74,Mailed check,Fiber optic,No,Yes,14,0,31.0,0
CUST-0458,Catalyst AI,15,Month-to-month,54.3,875.57,154,Credit card,Fiber optic,No,No,10,5,36.0,0
CUST-0459,FusionHub,1,Month-to-month,102.52,106.75,109,Mailed check,Fiber optic,No,No,23,5,69.0,1
CUST-0460,DataFlow Inc,3,One year,86.26,272.26,146,Credit card,Fiber optic,No,Yes,12,1,34.0,0
CUST-0461,NovaTech,3,Month-to-month,56.28,169.62,166,Electronic check,Fiber optic,No,No,22,2,47.0,1
CUST-0462,CoreStack,25,Month-to-month,56.27,1526.11,241,Bank transfer,No,No internet,No,13,0,27.0,1
CUST-0463,CloudNine,32,Month-to-month,56.96,1941.21,120,Credit card,DSL,No,No,5,1,23.0,0
CUST-0464,BlueShift,21,Month-to-month,116.92,2624.19,361,Electronic check,No,No,No internet,19,2,40.0,1
CUST-0465,NetPulse,72,Month-to-month,74.55,5553.33,177,Electronic check,Fiber optic,Yes,No,13,0,23.0,0
CUST-0466,Prism Analytics,11,Month-to-month,75.75,800.68,108,Mailed check,No,No internet,No,15,2,74.0,0
CUST-0467,NovaTech,8,Two year,90.76,658.65,439,Electronic check,Fiber optic,Yes,No,12,4,26.0,0
CUST-0468,Pixel Labs,48,One year,70.97,3703.38,314,Bank transfer,Fiber optic,Yes,Yes,12,3,72.0,0
CUST-0469,ZenithOS,6,One year,58.52,357.17,77,Credit card,No,No,Yes,12,3,72.0,0
CUST-0470,BlueShift,72,Month-to-month,60.09,4151.81,233,Mailed check,DSL,No,No,15,5,27.0,1
CUST-0471,DataFlow Inc,1,Two year,63.21,58.77,151,Electronic check,No,No,No,12,3,30.0,0
CUST-0472,ZenithOS,72,Month-to-month,64.07,4917.06,319,Mailed check,Fiber optic,No,Yes,13,6,50.0,1
CUST-0473,BlueShift,1,Month-to-month,83.19,88.79,184,Bank transfer,Fiber optic,No,No,16,1,78.0,0
CUST-0474,Apex Digital,53,One year,66.3,3734.93,130,Electronic check,DSL,Yes,No,16,4,65.0,0
CUST-0475,TechVibe,18,Month-to-month,83.32,1543.28,273,Bank transfer,Fiber optic,No internet,Yes,14,0,36.0,0
CUST-0476,ZenithOS,72,Month-to-month,62.98,4413.05,273,Bank transfer,DSL,No,No,17,2,73.0,1
CUST-0477,Catalyst AI,1,One year,66.97,64.35,119,Bank transfer,DSL,No,Yes,16,4,49.0,0
CUST-0478,Apex Digital,19,Two year,20.0,342.65,77,Electronic check,DSL,No,No internet,14,2,87.0,0
CUST-0479,Prism Analytics,72,Month-to-month,87.91,6751.84,110,Bank transfer,DSL,Yes,No internet,12,3,72.0,1
CUST-0480,CoreStack,17,One year,73.66,1148.89,344,Electronic check,No,No,No,15,0,31.0,0
CUST-0481,BrightPath,23,Two year,89.95,2122.95,119,Electronic check,No,No,Yes,19,0,53.0,0
CUST-0482,DataFlow Inc,28,Month-to-month,20.0,560.46,93,Credit card,Fiber optic,No,No,17,2,36.0,0
CUST-0483,Helix Software,14,Month-to-month,117.21,1649.7,347,Bank transfer,Fiber optic,No,No internet,22,5,53.0,1
CUST-0484,DataFlow Inc,23,Month-to-month,61.51,1535.47,172,Electronic check,DSL,No internet,No,18,1,93.0,1
CUST-0485,Streamline Co,21,Month-to-month,92.7,1764.34,454,Electronic check,Fiber optic,No,Yes,11,1,44.0,0
CUST-0486,TechVibe,55,Month-to-month,39.0,2262.29,193,Electronic check,No,No internet,No,20,2,61.0,0
CUST-0487,DataFlow Inc,1,Two year,80.32,73.12,289,Electronic check,No,No,No internet,22,2,51.0,0
CUST-0488,Catalyst AI,7,One year,38.66,245.62,58,Electronic check,Fiber optic,Yes,No,15,1,80.0,0
CUST-0489,Quantum SaaS,72,One year,49.41,3507.59,149,Electronic check,Fiber optic,Yes,No,19,0,46.0,0
CUST-0490,CloudNine,53,Month-to-month,112.85,5458.4,352,Mailed check,DSL,No,No,23,3,65.0,1
CUST-0491,TechVibe,14,Two year,60.23,891.98,184,Bank transfer,No,Yes,No,17,1,22.0,0
CUST-0492,Quantum SaaS,23,Two year,70.44,1629.7,231,Bank transfer,DSL,Yes,Yes,10,1,38.0,0
CUST-0493,NetPulse,7,Two year,86.75,550.05,93,Bank transfer,Fiber optic,No internet,No,10,1,73.0,0
CUST-0494,BlueShift,5,Month-to-month,77.39,351.39,298,Electronic check,Fiber optic,No internet,Yes,13,2,74.0,1
CUST-0495,TechVibe,14,One year,68.76,984.33,265,Credit card,Fiber optic,No,No,16,2,42.0,0
CUST-0496,TechVibe,10,Month-to-month,74.12,786.58,108,Credit card,DSL,Yes,Yes,15,2,52.0,0
CUST-0497,Pixel Labs,21,Month-to-month,120.0,2488.65,394,Credit card,No,Yes,No,16,0,47.0,1
CUST-0498,NovaTech,1,Month-to-month,63.56,64.25,208,Credit card,DSL,Yes,Yes,16,3,66.0,1
CUST-0499,CloudNine,72,One year,70.03,5344.52,261,Credit card,Fiber optic,No,No,13,4,59.0,0
CUST-0500,NetPulse,72,One year,91.27,6716.68,122,Mailed check,DSL,No internet,No,14,1,56.0,0
CUST-0501,TechVibe,28,Month-to-month,92.64,2451.13,325,Electronic check,DSL,No,Yes,17,5,59.0,1
CUST-0502,CoreStack,18,Month-to-month,94.68,1742.77,201,Bank transfer,Fiber optic,Yes,Yes,17,2,53.0,1
CUST-0503,Apex Digital,8,Month-to-month,80.97,664.38,245,Bank transfer,Fiber optic,No,Yes,13,1,45.0,0
CUST-0504,Acme Corp,40,Month-to-month,36.42,1525.01,149,Bank transfer,DSL,No,No internet,17,3,37.0,0
CUST-0505,Vortex Cloud,27,Month-to-month,105.84,2926.76,405,Mailed check,DSL,No,No,13,2,50.0,1
CUST-0506,ZenithOS,4,Month-to-month,36.34,159.0,54,Electronic check,Fiber optic,No,No,19,1,59.0,1
CUST-0507,Skyward Tech,58,One year,72.57,3954.23,244,Mailed check,Fiber optic,No,Yes,12,2,43.0,0
CUST-0508,NetPulse,41,Month-to-month,46.14,2062.41,225,Credit card,No,Yes,No,12,1,23.0,0
CUST-0509,Quantum SaaS,71,Month-to-month,63.4,4535.92,103,Bank transfer,DSL,Yes,No internet,20,4,63.0,0
CUST-0510,Skyward Tech,31,Month-to-month,73.22,2347.88,323,Mailed check,Fiber optic,No internet,No internet,14,3,55.0,0
CUST-0511,NovaTech,22,Two year,73.03,1477.95,278,Electronic check,DSL,Yes,No,15,3,46.0,0
CUST-0512,CloudNine,13,One year,75.55,958.69,309,Mailed check,DSL,Yes,Yes,19,5,67.0,1
CUST-0513,Prism Analytics,64,One year,105.34,7104.98,224,Credit card,Fiber optic,Yes,Yes,17,1,31.0,0
CUST-0514,BrightPath,48,Month-to-month,76.34,3815.96,164,Bank transfer,Fiber optic,Yes,Yes,21,3,67.0,0
CUST-0515,CoreStack,1,One year,58.9,53.48,272,Bank transfer,DSL,No,Yes,15,3,27.0,0
CUST-0516,Skyward Tech,1,Month-to-month,89.1,89.93,217,Mailed check,DSL,No internet,Yes,14,5,62.0,0
CUST-0517,Skyward Tech,11,One year,94.74,956.33,119,Bank transfer,DSL,No,Yes,8,2,6.0,1
CUST-0518,Catalyst AI,39,Two year,34.31,1470.79,117,Electronic check,No,No,No,13,0,38.0,0
CUST-0519,TechVibe,72,One year,79.94,6213.02,120,Bank transfer,No,No,No internet,12,2,51.0,0
CUST-0520,CoreStack,3,Two year,82.53,223.87,346,Mailed check,DSL,No,No,17,4,29.0,0
CUST-0521,DataFlow Inc,21,One year,57.56,1295.46,205,Mailed check,DSL,No internet,No internet,15,1,70.0,0
CUST-0522,NovaTech,11,Month-to-month,99.39,1185.0,447,Bank transfer,No,No internet,No,20,4,32.0,0
CUST-0523,Streamline Co,72,Two year,61.25,4280.83,254,Credit card,No,Yes,Yes,17,2,39.0,0
CUST-0524,NetPulse,44,Month-to-month,68.14,3129.78,99,Electronic check,Fiber optic,No,No,23,1,60.0,1
CUST-0525,Pixel Labs,43,One year,60.67,2578.6,153,Credit card,DSL,No,Yes,18,2,52.0,0
CUST-0526,CloudNine,15,Month-to-month,65.39,1011.3,268,Electronic check,DSL,No internet,No,22,2,78.0,1
CUST-0527,Skyward Tech,12,Month-to-month,37.59,436.67,100,Mailed check,Fiber optic,No,No,18,2,48.0,0
CUST-0528,NovaTech,7,Month-to-month,29.0,195.8,142,Electronic check,Fiber optic,No internet,No internet,14,3,86.0,1
CUST-0529,DataFlow Inc,1,Month-to-month,104.86,103.28,413,Electronic check,DSL,No,Yes,18,4,44.0,0
CUST-0530,FusionHub,48,Month-to-month,43.83,1954.71,47,Mailed check,Fiber optic,Yes,Yes,12,2,27.0,0
CUST-0531,Apex Digital,40,One year,40.22,1715.35,182,Electronic check,DSL,No,No internet,15,0,50.0,0
CUST-0532,TechVibe,72,Month-to-month,20.0,1396.42,28,Mailed check,Fiber optic,No internet,Yes,13,2,40.0,0
CUST-0533,CoreStack,72,Month-to-month,49.03,3459.66,77,Credit card,DSL,No internet,No,18,2,50.0,0
CUST-0534,CoreStack,19,One year,31.92,654.28,126,Electronic check,DSL,Yes,No,16,1,52.0,0
CUST-0535,Vortex Cloud,35,Month-to-month,106.05,3709.24,473,Bank transfer,Fiber optic,No,No internet,17,1,33.0,0
CUST-0536,Vortex Cloud,69,One year,90.25,6282.37,284,Mailed check,Fiber optic,No,No internet,20,1,20.0,1
CUST-0537,DataFlow Inc,45,One year,47.8,2347.39,103,Bank transfer,No,Yes,No internet,12,1,33.0,1
CUST-0538,Streamline Co,6,Two year,120.0,775.69,289,Electronic check,Fiber optic,No,Yes,15,2,84.0,0
CUST-0539,TechVibe,14,One year,89.54,1170.69,212,Electronic check,DSL,Yes,No internet,13,1,56.0,1
CUST-0540,FusionHub,3,Month-to-month,56.88,169.73,131,Electronic check,Fiber optic,No internet,No,9,2,42.0,0
CUST-0541,Quantum SaaS,72,One year,20.0,1575.73,39,Electronic check,DSL,No,No,11,4,59.0,0
CUST-0542,FusionHub,22,Month-to-month,120.0,2572.61,412,Electronic check,No,No internet,Yes,12,4,62.0,1
CUST-0543,NetPulse,6,Month-to-month,30.26,176.9,139,Bank transfer,Fiber optic,Yes,No,18,2,24.0,1
CUST-0544,Vortex Cloud,26,One year,23.87,582.77,53,Credit card,Fiber optic,No,No internet,12,2,60.0,0
CUST-0545,BlueShift,23,Month-to-month,90.56,1922.22,158,Credit card,DSL,Yes,No internet,16,2,54.0,0
CUST-0546,NetPulse,10,One year,120.0,1257.67,523,Bank transfer,Fiber optic,Yes,No,15,0,52.0,0
CUST-0547,ZenithOS,2,Two year,99.61,209.98,395,Electronic check,No,Yes,Yes,16,1,52.0,0
CUST-0548,Apex Digital,26,Two year,79.1,2249.51,374,Electronic check,No,Yes,No,15,0,36.0,0
CUST-0549,Helix Software,17,Two year,79.87,1432.04,133,Electronic check,DSL,No,No internet,19,1,71.0,0
CUST-0550,ZenithOS,35,Month-to-month,86.34,2866.79,136,Electronic check,DSL,Yes,No,10,1,51.0,0
CUST-0551,TechVibe,17,Month-to-month,83.97,1296.19,266,Mailed check,No,No,No,13,3,46.0,1
CUST-0552,ZenithOS,45,One year,72.03,3556.04,249,Mailed check,No,No,Yes,15,2,47.0,0
CUST-0553,NetPulse,19,Month-to-month,67.61,1243.6,197,Mailed check,DSL,No internet,No,22,2,75.0,0
CUST-0554,Prism Analytics,19,One year,63.44,1160.03,215,Mailed check,Fiber optic,No internet,No,12,3,47.0,0
CUST-0555,Streamline Co,50,One year,46.15,2494.85,79,Credit card,DSL,No,No internet,14,1,43.0,0
CUST-0556,NovaTech,12,One year,57.98,707.6,169,Bank transfer,No,No,No,14,6,45.0,0
CUST-0557,FusionHub,3,Month-to-month,22.68,64.16,82,Electronic check,DSL,Yes,No,12,2,13.0,1
CUST-0558,TechVibe,1,Month-to-month,62.54,67.41,171,Credit card,DSL,No internet,No,10,4,47.0,0
CUST-0559,Skyward Tech,33,Month-to-month,40.29,1460.76,150,Credit card,Fiber optic,Yes,Yes,16,2,23.0,0
CUST-0560,Catalyst AI,23,Month-to-month,37.41,789.3,105,Electronic check,DSL,Yes,No internet,23,0,48.0,1
CUST-0561,FusionHub,29,Two year,69.5,2161.52,162,Mailed check,Fiber optic,Yes,No,10,3,20.0,0
CUST-0562,NovaTech,5,Month-to-month,99.8,488.07,221,Mailed check,Fiber optic,No,No,20,1,44.0,1
CUST-0563,Acme Corp,3,Month-to-month,87.96,265.15,233,Credit card,DSL,Yes,No,23,1,53.0,0
CUST-0564,DataFlow Inc,1,Month-to-month,25.74,27.88,28,Credit card,Fiber optic,No,No,13,2,83.0,0
CUST-0565,Helix Software,10,One year,40.26,440.72,148,Electronic check,Fiber optic,Yes,No,16,1,58.0,0
CUST-0566,Prism Analytics,21,One year,88.52,1770.5,388,Mailed check,DSL,No,No,17,3,67.0,1
CUST-0567,NovaTech,11,Month-to-month,40.44,419.29,98,Bank transfer,Fiber optic,Yes,Yes,10,2,41.0,0
CUST-0568,Catalyst AI,13,Month-to-month,59.38,707.18,70,Mailed check,No,Yes,No,12,4,53.0,0
CUST-0569,CoreStack,56,Month-to-month,78.75,4464.51,390,Electronic check,Fiber optic,No internet,Yes,13,0,53.0,0
CUST-0570,ZenithOS,10,Month-to-month,40.79,368.22,84,Credit card,DSL,Yes,No,6,2,24.0,0
CUST-0571,Apex Digital,17,One year,67.63,1129.45,102,Bank transfer,DSL,No internet,Yes,18,2,44.0,0
CUST-0572,ZenithOS,36,One year,31.65,1042.18,78,Credit card,DSL,No,No,12,2,45.0,0
CUST-0573,Helix Software,12,Month-to-month,49.97,588.27,198,Credit card,Fiber optic,Yes,No internet,17,3,58.0,1
CUST-0574,Prism Analytics,23,Month-to-month,72.99,1524.3,159,Bank transfer,Fiber optic,No internet,No internet,19,3,84.0,1
CUST-0575,Skyward Tech,47,Two year,25.18,1262.8,83,Mailed check,Fiber optic,Yes,No,11,0,64.0,1
CUST-0576,BlueShift,71,Month-to-month,76.01,5083.42,202,Bank transfer,DSL,No internet,No,15,2,75.0,0
CUST-0577,Prism Analytics,3,One year,64.51,186.88,95,Electronic check,DSL,Yes,Yes,17,2,68.0,0
CUST-0578,Streamline Co,62,Month-to-month,78.81,5247.85,183,Bank transfer,Fiber optic,No internet,No,14,3,49.0,1
CUST-0579,Acme Corp,16,Month-to-month,70.6,1185.24,275,Electronic check,Fiber optic,Yes,No internet,13,3,38.0,0
CUST-0580,NovaTech,7,Month-to-month,99.1,654.72,342,Bank transfer,DSL,No,Yes,18,1,25.0,0
CUST-0581,CoreStack,14,One year,68.13,872.15,101,Electronic check,Fiber optic,No,No,16,1,55.0,0
CUST-0582,Helix Software,72,Two year,54.26,4075.24,90,Electronic check,DSL,No internet,No internet,10,2,46.0,0
CUST-0583,CloudNine,16,Month-to-month,68.06,1065.16,242,Electronic check,No,No internet,No internet,11,1,70.0,0
CUST-0584,Apex Digital,9,Month-to-month,78.58,744.86,334,Electronic check,No,No internet,Yes,15,2,51.0,1
CUST-0585,TechVibe,24,Month-to-month,66.22,1571.89,159,Bank transfer,DSL,No internet,No,23,5,19.0,1
CUST-0586,Quantum SaaS,6,Month-to-month,66.01,383.86,223,Bank transfer,DSL,Yes,Yes,18,4,71.0,0
CUST-0587,Apex Digital,1,Month-to-month,47.45,46.99,80,Mailed check,Fiber optic,Yes,Yes,9,3,93.0,0
CUST-0588,Helix Software,3,Month-to-month,48.43,152.51,109,Electronic check,DSL,Yes,No internet,10,4,35.0,1
CUST-0589,BlueShift,3,One year,29.93,97.01,32,Electronic check,Fiber optic,No,No internet,13,0,52.0,0
CUST-0590,NetPulse,3,Month-to-month,108.74,296.85,443,Electronic check,No,No,No,10,0,32.0,0
CUST-0591,DataFlow Inc,3,Month-to-month,33.9,102.19,88,Electronic check,Fiber optic,No,Yes,19,0,53.0,0
CUST-0592,Acme Corp,24,Two year,47.68,1037.4,203,Credit card,No,Yes,No internet,19,1,61.0,0
CUST-0593,NovaTech,4,Month-to-month,47.04,186.97,180,Electronic check,Fiber optic,No,No,13,2,83.0,0
CUST-0594,CloudNine,10,Two year,87.37,941.02,377,Mailed check,DSL,Yes,No,12,1,47.0,0
CUST-0595,NovaTech,54,Month-to-month,57.63,3025.87,123,Electronic check,Fiber optic,No,No,15,1,57.0,1
CUST-0596,ZenithOS,15,Two year,96.19,1567.64,167,Electronic check,Fiber optic,No,Yes,8,0,41.0,0
CUST-0597,Apex Digital,26,One year,48.16,1284.87,235,Mailed check,Fiber optic,No,No,11,3,68.0,1
CUST-0598,Skyward Tech,4,Two year,71.97,312.88,278,Bank transfer,DSL,No,No,11,3,67.0,1
CUST-0599,ZenithOS,5,Two year,44.12,231.95,191,Electronic check,DSL,No,Yes,23,2,25.0,0
CUST-0600,Streamline Co,1,Month-to-month,118.63,109.22,125,Electronic check,No,Yes,Yes,13,2,27.0,1
CUST-0601,CloudNine,4,Two year,35.31,133.65,85,Mailed check,DSL,No,Yes,6,1,65.0,0
CUST-0602,CloudNine,7,Month-to-month,72.75,498.47,289,Electronic check,No,Yes,Yes,17,0,62.0,0
CUST-0603,CloudNine,4,Month-to-month,80.84,302.03,106,Electronic check,No,No,No,23,1,59.0,0
CUST-0604,Catalyst AI,2,Month-to-month,75.34,150.53,246,Credit card,Fiber optic,No,No internet,17,0,60.0,1
CUST-0605,FusionHub,3,One year,60.37,180.07,164,Bank transfer,Fiber optic,Yes,Yes,15,4,48.0,0
CUST-0606,TechVibe,14,Month-to-month,61.75,943.39,66,Bank transfer,Fiber optic,Yes,Yes,14,2,51.0,0
CUST-0607,Helix Software,5,One year,66.1,326.12,128,Mailed check,No,No internet,No,13,1,19.0,0
CUST-0608,Streamline Co,10,One year,61.32,648.23,131,Mailed check,DSL,No internet,No internet,15,5,55.0,0
CUST-0609,Acme Corp,16,One year,89.1,1551.6,129,Mailed check,Fiber optic,No,No,11,1,47.0,1
CUST-0610,BrightPath,28,Two year,120.0,3613.34,423,Bank transfer,Fiber optic,Yes,No,17,2,79.0,0
CUST-0611,Prism Analytics,1,Month-to-month,51.06,48.08,101,Bank transfer,Fiber optic,Yes,No,15,3,60.0,1
CUST-0612,CloudNine,38,Month-to-month,30.75,1167.57,65,Electronic check,Fiber optic,No,Yes,15,1,16.0,1
CUST-0613,Pixel Labs,23,Month-to-month,62.79,1400.19,288,Mailed check,DSL,No internet,Yes,15,1,77.0,0
CUST-0614,Pixel Labs,2,Month-to-month,120.0,235.19,344,Mailed check,Fiber optic,Yes,No,17,2,70.0,0
CUST-0615,Skyward Tech,49,Month-to-month,44.91,2139.33,115,Credit card,No,No,No,9,1,61.0,1
CUST-0616,Apex Digital,60,Month-to-month,105.98,6773.85,413,Bank transfer,DSL,Yes,No,10,1,59.0,0
CUST-0617,BrightPath,1,Month-to-month,106.94,105.92,496,Mailed check,No,No internet,No,15,2,39.0,1
CUST-0618,NovaTech,7,Two year,51.16,359.82,56,Electronic check,Fiber optic,No,No,16,0,40.0,0
CUST-0619,CoreStack,39,One year,79.22,3387.69,221,Bank transfer,No,No,Yes,14,3,42.0,0
CUST-0620,BlueShift,33,Month-to-month,105.71,3181.43,364,Electronic check,Fiber optic,No,No,17,1,56.0,1
CUST-0621,FusionHub,4,One year,55.52,221.55,126,Electronic check,Fiber optic,No,Yes,12,1,39.0,0
CUST-0622,Skyward Tech,5,Month-to-month,59.91,315.97,245,Electronic check,DSL,Yes,Yes,17,1,57.0,1
CUST-0623,Catalyst AI,11,Month-to-month,50.46,516.33,247,Bank transfer,No,Yes,No,19,3,67.0,1
CUST-0624,Prism Analytics,15,One year,39.63,607.71,189,Electronic check,DSL,No internet,No internet,12,3,79.0,0
CUST-0625,BrightPath,23,Month-to-month,48.77,1063.26,101,Mailed check,No,No internet,No internet,17,1,46.0,0
CUST-0626,Streamline Co,11,Month-to-month,34.4,406.21,66,Credit card,No,No internet,No,8,2,60.0,0
CUST-0627,BlueShift,14,Two year,65.85,890.02,318,Electronic check,DSL,No,Yes,16,2,63.0,0
CUST-0628,Quantum SaaS,33,Two year,45.75,1458.14,130,Mailed check,DSL,No internet,Yes,13,2,76.0,0
CUST-0629,Pixel Labs,1,One year,70.84,72.23,130,Mailed check,Fiber optic,Yes,No internet,11,1,20.0,0
CUST-0630,NovaTech,6,One year,26.1,146.69,100,Electronic check,DSL,No,No,14,2,19.0,0
CUST-0631,Skyward Tech,29,One year,73.27,2033.41,157,Bank transfer,No,No,No,12,2,66.0,0
CUST-0632,CloudNine,54,Month-to-month,85.84,4558.07,178,Electronic check,DSL,No,No,15,0,30.0,0
CUST-0633,Vortex Cloud,17,Month-to-month,20.0,330.05,90,Mailed check,DSL,No,No,13,3,52.0,1
CUST-0634,FusionHub,18,Month-to-month,74.35,1344.96,123,Bank transfer,No,Yes,No internet,11,1,43.0,1
CUST-0635,Acme Corp,2,Month-to-month,95.69,195.19,120,Bank transfer,Fiber optic,No,Yes,14,4,25.0,0
CUST-0636,Acme Corp,14,One year,34.76,493.13,72,Bank transfer,No,No internet,No,15,3,64.0,0
CUST-0637,NetPulse,18,Month-to-month,106.81,1981.86,366,Electronic check,DSL,No,No internet,9,4,80.0,1
CUST-0638,Quantum SaaS,6,Two year,75.48,435.47,113,Electronic check,Fiber optic,Yes,Yes,17,3,37.0,1
CUST-0639,CoreStack,7,Two year,47.37,306.82,137,Bank transfer,Fiber optic,Yes,No,12,0,35.0,0
CUST-0640,Prism Analytics,11,One year,63.61,736.21,223,Mailed check,Fiber optic,Yes,No,11,2,36.0,0
CUST-0641,Quantum SaaS,1,One year,78.96,84.5,347,Credit card,Fiber optic,Yes,No internet,11,2,65.0,0
CUST-0642,BrightPath,9,Two year,66.9,572.84,128,Credit card,Fiber optic,No,Yes,12,1,21.0,0
CUST-0643,NetPulse,5,Month-to-month,78.47,385.06,335,Credit card,Fiber optic,No,No,17,1,74.0,0
CUST-0644,Quantum SaaS,9,One year,41.98,377.71,81,Mailed check,DSL,No,Yes,10,1,49.0,0
CUST-0645,Helix Software,3,Month-to-month,69.23,209.07,257,Electronic check,Fiber optic,No,No,13,4,36.0,0
CUST-0646,TechVibe,53,One year,29.66,1622.12,81,Bank transfer,DSL,No internet,Yes,16,1,83.0,0
CUST-0647,Acme Corp,21,Month-to-month,62.22,1186.83,91,Mailed check,Fiber optic,Yes,Yes,17,2,21.0,0
CUST-0648,FusionHub,27,Two year,42.4,1195.51,164,Electronic check,DSL,No,No,15,0,54.0,0
CUST-0649,Apex Digital,37,Two year,46.61,1573.49,87,Credit card,Fiber optic,No internet,No internet,12,1,54.0,0
CUST-0650,BrightPath,16,Month-to-month,95.9,1524.67,164,Credit card,Fiber optic,Yes,Yes,16,4,88.0,0
CUST-0651,NovaTech,2,Month-to-month,92.28,196.65,225,Mailed check,DSL,Yes,Yes,11,0,61.0,0
CUST-0652,CoreStack,18,Two year,80.23,1430.05,290,Electronic check,DSL,No internet,No,15,2,20.0,0
CUST-0653,Catalyst AI,21,Month-to-month,37.69,735.94,73,Mailed check,DSL,No,No,21,0,71.0,0
CUST-0654,CoreStack,32,Two year,57.09,2004.1,99,Credit card,Fiber optic,No,No internet,13,3,38.0,0
CUST-0655,ZenithOS,13,One year,95.33,1335.78,99,Credit card,No,Yes,Yes,19,2,32.0,1
CUST-0656,Apex Digital,3,Month-to-month,68.54,216.78,198,Electronic check,DSL,No,No,16,2,59.0,1
CUST-0657,CoreStack,8,Month-to-month,120.0,943.01,326,Electronic check,Fiber optic,No,Yes,19,2,66.0,0
CUST-0658,BlueShift,10,Month-to-month,74.83,700.98,145,Credit card,DSL,Yes,Yes,20,1,45.0,1
CUST-0659,NetPulse,24,One year,69.8,1823.09,85,Mailed check,Fiber optic,No,No,14,2,38.0,0
CUST-0660,Helix Software,20,Month-to-month,57.27,1152.81,156,Mailed check,No,Yes,No,17,2,30.0,0
CUST-0661,FusionHub,10,One year,68.34,731.56,284,Credit card,DSL,No,No,20,3,73.0,0
CUST-0662,TechVibe,72,Month-to-month,61.19,4266.54,236,Electronic check,Fiber optic,Yes,No,13,3,33.0,0
CUST-0663,Helix Software,22,One year,82.7,1759.46,367,Bank transfer,DSL,Yes,No,14,1,71.0,0
CUST-0664,NovaTech,6,Two year,88.92,585.33,92,Electronic check,DSL,Yes,No,14,3,69.0,0
CUST-0665,Acme Corp,2,Two year,45.35,91.1,221,Mailed check,DSL,Yes,No internet,16,3,69.0,0
CUST-0666,DataFlow Inc,3,Month-to-month,31.72,88.32,75,Credit card,DSL,No internet,Yes,9,4,36.0,0
CUST-0667,Helix Software,6,Two year,20.0,113.27,99,Mailed check,Fiber optic,Yes,Yes,13,0,47.0,0
CUST-0668,CoreStack,4,One year,77.7,309.68,156,Credit card,Fiber optic,No,No,20,1,64.0,0
CUST-0669,Pixel Labs,4,One year,37.42,135.98,108,Bank transfer,Fiber optic,Yes,No,11,0,19.0,0
CUST-0670,CoreStack,8,Two year,20.0,158.8,48,Electronic check,DSL,No,Yes,15,1,93.0,0
CUST-0671,DataFlow Inc,4,Month-to-month,74.71,294.0,181,Electronic check,DSL,No internet,No internet,10,0,52.0,0
CUST-0672,Helix Software,54,Month-to-month,120.0,6842.02,524,Mailed check,Fiber optic,Yes,Yes,14,2,64.0,0
CUST-0673,Pixel Labs,2,Two year,64.85,125.94,258,Mailed check,No,No internet,No internet,16,5,38.0,0
CUST-0674,Acme Corp,17,Month-to-month,85.96,1602.35,427,Electronic check,DSL,Yes,Yes,12,0,19.0,1
CUST-0675,ZenithOS,12,Two year,67.05,753.23,232,Mailed check,No,No,No,19,6,38.0,0
CUST-0676,Quantum SaaS,72,Two year,62.53,4584.09,178,Mailed check,Fiber optic,No,No internet,13,0,13.0,0
CUST-0677,Apex Digital,2,Month-to-month,87.98,161.52,120,Bank transfer,Fiber optic,No internet,Yes,16,4,42.0,0
CUST-0678,Apex Digital,12,Two year,57.74,725.29,288,Bank transfer,Fiber optic,No,No internet,13,2,34.0,0
CUST-0679,FusionHub,72,Month-to-month,71.68,5671.64,230,Bank transfer,DSL,No,No,16,3,76.0,0
CUST-0680,ZenithOS,48,One year,73.04,3729.69,278,Electronic check,DSL,Yes,No internet,17,1,21.0,0
CUST-0681,Helix Software,40,One year,48.3,1953.52,127,Electronic check,Fiber optic,Yes,No,8,4,61.0,0
CUST-0682,CloudNine,7,Two year,89.8,626.68,287,Bank transfer,DSL,No internet,No,11,2,62.0,0
CUST-0683,NetPulse,4,Month-to-month,60.63,258.77,289,Mailed check,No,No,Yes,19,1,28.0,0
CUST-0684,Catalyst AI,26,Month-to-month,46.11,1303.39,77,Electronic check,Fiber optic,No,No,19,0,68.0,0
CUST-0685,Pixel Labs,63,One year,78.41,5423.15,170,Credit card,DSL,No,Yes,14,3,74.0,0
CUST-0686,FusionHub,19,One year,42.54,791.54,68,Bank transfer,Fiber optic,No,Yes,11,4,47.0,0
CUST-0687,DataFlow Inc,20,One year,65.7,1443.01,274,Mailed check,DSL,No internet,Yes,11,2,27.0,0
CUST-0688,Pixel Labs,7,Month-to-month,64.77,422.19,81,Electronic check,Fiber optic,No,No,18,4,41.0,1
CUST-0689,ZenithOS,35,Month-to-month,92.15,3066.28,122,Bank transfer,Fiber optic,No,No,19,3,36.0,1
CUST-0690,Vortex Cloud,4,Month-to-month,76.87,282.21,169,Bank transfer,No,No internet,Yes,23,2,48.0,1
CUST-0691,Vortex Cloud,9,Two year,64.37,552.88,197,Bank transfer,Fiber optic,Yes,Yes,17,5,52.0,0
CUST-0692,Catalyst AI,13,Month-to-month,85.44,1170.24,224,Bank transfer,Fiber optic,Yes,No,16,1,40.0,1
CUST-0693,Prism Analytics,17,Month-to-month,99.76,1815.63,118,Credit card,Fiber optic,No,Yes,11,2,41.0,0
CUST-0694,Prism Analytics,6,Two year,78.95,500.12,381,Mailed check,No,Yes,Yes,15,2,52.0,0
CUST-0695,BrightPath,2,Month-to-month,65.26,133.94,314,Electronic check,DSL,No,Yes,18,1,75.0,0
CUST-0696,Prism Analytics,22,Two year,32.2,710.38,68,Bank transfer,DSL,No internet,No internet,15,0,39.0,0
CUST-0697,Quantum SaaS,8,One year,38.37,319.77,151,Bank transfer,DSL,No,No internet,22,3,52.0,0
CUST-0698,Vortex Cloud,20,Two year,57.37,1122.35,190,Bank transfer,DSL,No,No,19,3,52.0,0
CUST-0699,Apex Digital,4,Month-to-month,49.76,212.63,97,Electronic check,Fiber optic,No internet,No,13,3,34.0,1
CUST-0700,TechVibe,15,Month-to-month,60.33,937.02,124,Electronic check,Fiber optic,No,No,10,2,67.0,1
CUST-0701,Catalyst AI,18,One year,66.42,1242.86,197,Credit card,Fiber optic,No,No,16,3,66.0,0
CUST-0702,FusionHub,1,Two year,78.24,78.8,209,Bank transfer,DSL,No,No,21,3,61.0,1
CUST-0703,BlueShift,9,One year,63.24,613.01,137,Credit card,Fiber optic,No internet,No,17,0,33.0,0
CUST-0704,ZenithOS,3,Month-to-month,77.16,220.0,326,Bank transfer,DSL,No,Yes,15,1,33.0,0
CUST-0705,Helix Software,1,One year,66.61,65.03,195,Bank transfer,Fiber optic,No,Yes,14,4,80.0,0
CUST-0706,NovaTech,72,One year,20.0,1519.96,72,Bank transfer,Fiber optic,No internet,No,15,1,20.0,0
CUST-0707,DataFlow Inc,9,One year,41.52,373.14,73,Credit card,DSL,No,No internet,11,2,55.0,0
CUST-0708,ZenithOS,39,One year,61.4,2581.0,192,Bank transfer,DSL,No,No,11,3,23.0,1
CUST-0709,Vortex Cloud,7,Two year,34.76,235.85,79,Bank transfer,DSL,No internet,No internet,17,1,54.0,0
CUST-0710,Helix Software,27,One year,80.0,2103.55,248,Electronic check,No,No,No internet,13,1,62.0,0
CUST-0711,ZenithOS,34,Month-to-month,103.27,3784.16,426,Mailed check,No,No,Yes,11,4,25.0,0
CUST-0712,TechVibe,21,Month-to-month,95.47,1990.58,389,Bank transfer,Fiber optic,No internet,No,13,5,41.0,1
CUST-0713,NetPulse,15,Month-to-month,59.66,897.79,144,Electronic check,DSL,No,No,13,1,20.0,1
CUST-0714,Helix Software,12,Month-to-month,102.27,1186.19,386,Electronic check,Fiber optic,No,No internet,21,1,8.0,1
CUST-0715,Apex Digital,10,Month-to-month,68.72,656.51,327,Electronic check,Fiber optic,No internet,No internet,12,5,68.0,1
CUST-0716,Vortex Cloud,63,Month-to-month,56.57,3675.07,198,Electronic check,Fiber optic,No internet,No,13,0,38.0,0
CUST-0717,BlueShift,42,Month-to-month,49.66,1927.14,79,Electronic check,DSL,No,Yes,20,2,83.0,1
CUST-0718,Prism Analytics,72,Month-to-month,57.44,4449.39,214,Mailed check,DSL,Yes,No,10,1,46.0,0
CUST-0719,BlueShift,3,Two year,55.3,175.16,79,Credit card,Fiber optic,No,Yes,15,2,63.0,0
CUST-0720,Quantum SaaS,31,Two year,69.26,2014.26,311,Mailed check,Fiber optic,No,No,21,2,78.0,0
CUST-0721,Vortex Cloud,66,Month-to-month,69.01,4731.4,212,Electronic check,DSL,No,No internet,15,1,41.0,0
CUST-0722,Helix Software,4,Two year,65.08,265.66,165,Electronic check,DSL,No,No,17,3,63.0,0
CUST-0723,Apex Digital,1,One year,75.92,71.13,93,Bank transfer,Fiber optic,No,No,13,3,65.0,1
CUST-0724,DataFlow Inc,32,Month-to-month,94.77,2895.08,239,Mailed check,No,No,No,7,3,35.0,1
CUST-0725,DataFlow Inc,20,Month-to-month,88.74,1742.49,409,Credit card,No,Yes,No,14,1,38.0,1
CUST-0726,BrightPath,44,One year,27.88,1275.6,30,Bank transfer,Fiber optic,No,No,14,0,8.0,0
CUST-0727,Streamline Co,3,One year,20.0,61.66,58,Bank transfer,Fiber optic,No,No,10,2,60.0,0
CUST-0728,Helix Software,38,One year,88.36,3379.33,417,Electronic check,DSL,Yes,No internet,15,1,58.0,0
CUST-0729,Acme Corp,5,Month-to-month,30.83,162.43,80,Bank transfer,Fiber optic,Yes,No internet,13,4,58.0,0
CUST-0730,Helix Software,4,Month-to-month,59.38,249.77,161,Electronic check,Fiber optic,No,Yes,8,4,51.0,1
CUST-0731,Streamline Co,4,Month-to-month,35.75,146.37,118,Credit card,Fiber optic,No,No internet,18,1,50.0,0
CUST-0732,TechVibe,40,Month-to-month,20.0,845.92,57,Bank transfer,Fiber optic,Yes,No,18,0,34.0,0
CUST-0733,Vortex Cloud,26,Month-to-month,78.54,1974.35,132,Electronic check,DSL,No internet,Yes,15,2,72.0,0
CUST-0734,NovaTech,17,Month-to-month,83.98,1536.52,90,Electronic check,DSL,No,Yes,18,2,62.0,0
CUST-0735,BlueShift,10,Two year,50.59,517.53,174,Electronic check,DSL,No internet,Yes,13,4,92.0,0
CUST-0736,BlueShift,50,Two year,20.0,1064.47,94,Bank transfer,DSL,No,No internet,17,1,68.0,0
CUST-0737,CloudNine,11,Month-to-month,51.34,569.97,73,Electronic check,DSL,No,No,20,1,46.0,1
CUST-0738,Helix Software,40,Two year,74.8,2823.51,138,Bank transfer,No,No internet,No,18,2,68.0,1
CUST-0739,ZenithOS,13,Month-to-month,28.03,367.48,70,Electronic check,Fiber optic,No,Yes,20,6,32.0,1
CUST-0740,Pixel Labs,11,Month-to-month,69.58,745.65,295,Bank transfer,Fiber optic,No,No,15,1,40.0,1
CUST-0741,NovaTech,14,Month-to-month,64.62,940.41,134,Credit card,No,Yes,Yes,8,0,15.0,1
CUST-0742,ZenithOS,8,One year,79.48,632.76,360,Bank transfer,No,No,No,23,1,26.0,1
CUST-0743,Skyward Tech,33,Two year,67.99,2394.5,83,Bank transfer,Fiber optic,Yes,No,16,1,69.0,0
CUST-0744,Pixel Labs,16,One year,40.67,673.9,194,Electronic check,No,Yes,Yes,9,0,56.0,0
CUST-0745,Acme Corp,6,Month-to-month,94.91,590.48,308,Electronic check,DSL,Yes,No internet,18,1,35.0,1
CUST-0746,Helix Software,55,One year,61.04,3167.29,222,Bank transfer,DSL,Yes,Yes,13,1,80.0,0
CUST-0747,Quantum SaaS,11,Month-to-month,64.32,776.04,159,Mailed check,Fiber optic,No internet,No,12,4,34.0,0
CUST-0748,Pixel Labs,18,Two year,41.67,801.32,172,Mailed check,Fiber optic,Yes,No,22,6,45.0,0
CUST-0749,Streamline Co,56,One year,53.92,3194.05,90,Electronic check,Fiber optic,No,No,14,1,10.0,0
CUST-0750,DataFlow Inc,23,Month-to-month,42.88,952.75,51,Electronic check,DSL,No internet,Yes,13,1,58.0,0
CUST-0751,Streamline Co,2,One year,60.68,122.22,157,Electronic check,DSL,No,Yes,17,1,68.0,0
CUST-0752,BrightPath,67,One year,107.79,6697.77,476,Credit card,Fiber optic,Yes,No internet,6,2,31.0,0
CUST-0753,Streamline Co,23,Month-to-month,30.7,711.53,123,Electronic check,DSL,No,Yes,16,0,73.0,0
CUST-0754,ZenithOS,9,One year,24.66,206.22,76,Bank transfer,Fiber optic,No,No internet,15,5,46.0,0
CUST-0755,ZenithOS,3,Month-to-month,101.78,308.58,335,Electronic check,Fiber optic,No,No internet,12,2,52.0,1
CUST-0756,DataFlow Inc,37,One year,59.77,2277.27,91,Bank transfer,Fiber optic,No,Yes,21,2,68.0,0
CUST-0757,Catalyst AI,23,Two year,48.27,1085.83,211,Electronic check,Fiber optic,No internet,Yes,9,1,27.0,0
CUST-0758,Streamline Co,18,Two year,91.0,1637.52,377,Credit card,No,No,No,22,1,51.0,0
CUST-0759,Streamline Co,53,One year,49.86,2841.12,181,Credit card,Fiber optic,No,No internet,15,1,27.0,0
CUST-0760,Vortex Cloud,37,One year,110.65,3773.54,317,Electronic check,Fiber optic,No,No internet,9,6,28.0,0
CUST-0761,Helix Software,3,Month-to-month,81.95,260.19,398,Credit card,Fiber optic,Yes,No,21,2,35.0,1
CUST-0762,Skyward Tech,8,One year,52.8,394.59,238,Credit card,DSL,No internet,No,17,1,55.0,0
CUST-0763,Vortex Cloud,6,Month-to-month,118.93,647.46,425,Credit card,DSL,Yes,Yes,16,0,39.0,0
CUST-0764,TechVibe,32,Month-to-month,49.86,1495.19,124,Credit card,DSL,No,No internet,18,4,63.0,0
CUST-0765,BrightPath,1,Month-to-month,83.55,87.98,290,Electronic check,Fiber optic,No internet,No internet,15,0,53.0,0
CUST-0766,NovaTech,20,Month-to-month,72.48,1422.09,239,Bank transfer,Fiber optic,No,Yes,11,4,48.0,0
CUST-0767,BrightPath,34,One year,97.54,3563.44,251,Electronic check,No,No,Yes,13,1,14.0,1
CUST-0768,FusionHub,50,Month-to-month,104.04,5227.71,232,Electronic check,DSL,No,Yes,10,3,45.0,1
CUST-0769,Skyward Tech,10,One year,65.8,595.13,173,Credit card,DSL,No internet,Yes,10,2,36.0,0
CUST-0770,CoreStack,41,Month-to-month,46.16,1974.59,152,Electronic check,No,No,No internet,12,2,75.0,0
CUST-0771,Skyward Tech,2,Month-to-month,76.5,141.07,208,Bank transfer,DSL,No internet,No,12,3,51.0,0
CUST-0772,NetPulse,44,One year,48.06,2237.03,99,Credit card,Fiber optic,Yes,Yes,21,1,64.0,0
CUST-0773,NovaTech,3,Month-to-month,115.33,323.02,466,Credit card,Fiber optic,No,No,16,1,49.0,0
CUST-0774,Catalyst AI,12,Month-to-month,68.41,795.54,214,Credit card,Fiber optic,No internet,No internet,14,1,58.0,0
CUST-0775,Pixel Labs,38,One year,55.87,2234.0,71,Electronic check,DSL,Yes,No,17,2,80.0,0
CUST-0776,Helix Software,3,Month-to-month,69.62,227.83,172,Electronic check,DSL,No,No,12,1,59.0,1
CUST-0777,Apex Digital,6,Two year,31.32,183.09,142,Mailed check,DSL,Yes,Yes,9,1,70.0,0
CUST-0778,Vortex Cloud,30,Month-to-month,40.71,1301.76,164,Electronic check,Fiber optic,No,No internet,15,1,52.0,0
CUST-0779,Prism Analytics,30,Month-to-month,95.01,2674.03,218,Electronic check,Fiber optic,No,No internet,12,3,74.0,0
CUST-0780,Apex Digital,24,One year,48.58,1237.55,231,Mailed check,DSL,No,Yes,13,6,77.0,0
CUST-0781,TechVibe,28,Month-to-month,38.83,1121.49,51,Bank transfer,Fiber optic,Yes,Yes,13,2,88.0,1
CUST-0782,Streamline Co,18,Month-to-month,78.42,1324.82,380,Bank transfer,No,Yes,Yes,21,0,18.0,0
CUST-0783,DataFlow Inc,6,Month-to-month,94.64,545.41,188,Electronic check,DSL,Yes,Yes,14,0,54.0,0
CUST-0784,Vortex Cloud,10,Month-to-month,82.97,768.6,86,Bank transfer,Fiber optic,No,No,20,3,35.0,0
CUST-0785,Pixel Labs,4,Two year,89.9,351.18,246,Electronic check,Fiber optic,No,No internet,23,3,66.0,0
CUST-0786,NovaTech,57,Month-to-month,46.08,2470.88,112,Electronic check,DSL,No internet,No,13,4,95.0,0
CUST-0787,NovaTech,21,One year,29.45,636.26,93,Bank transfer,DSL,No,No internet,16,2,53.0,0
CUST-0788,Apex Digital,12,Two year,102.53,1352.04,429,Bank transfer,Fiber optic,No,No,14,0,37.0,1
CUST-0789,Acme Corp,14,Month-to-month,56.93,719.23,249,Bank transfer,No,No internet,No,18,2,51.0,0
CUST-0790,BlueShift,70,Two year,58.73,4144.75,153,Electronic check,No,No,No,22,3,56.0,0
CUST-0791,NovaTech,3,Month-to-month,98.2,298.94,267,Credit card,Fiber optic,No internet,Yes,12,2,72.0,0
CUST-0792,Streamline Co,21,Two year,78.91,1794.39,126,Bank transfer,Fiber optic,No,No,5,1,34.0,0
CUST-0793,Streamline Co,16,Month-to-month,76.4,1223.87,91,Bank transfer,Fiber optic,Yes,No,9,2,82.0,0
CUST-0794,FusionHub,22,One year,119.13,2643.77,425,Bank transfer,Fiber optic,Yes,Yes,12,2,80.0,0
CUST-0795,ZenithOS,1,Month-to-month,48.91,48.63,62,Credit card,Fiber optic,No,No,11,1,45.0,1
CUST-0796,FusionHub,49,Month-to-month,88.2,4122.05,347,Bank transfer,DSL,Yes,No,9,1,54.0,0
CUST-0797,TechVibe,64,One year,66.43,3874.01,210,Bank transfer,Fiber optic,No,No internet,12,4,41.0,1
CUST-0798,Vortex Cloud,19,One year,71.71,1337.6,129,Credit card,Fiber optic,No,No,21,2,53.0,1
CUST-0799,Vortex Cloud,28,Month-to-month,103.21,2631.29,326,Bank transfer,Fiber optic,No,No internet,13,4,34.0,1
CUST-0800,Vortex Cloud,61,Month-to-month,77.7,4787.56,135,Mailed check,No,No,No,14,1,65.0,1
